(-0.021448, 0.004659, 0.016508)
(-0.021889, 0.002002, 0.017548)
(-0.020144, 0.000914, 0.017548)
(-0.017954, 0.002480, 0.016508)
(-0.024669, -0.006998, 0.015213)
(-0.024669, -0.006998, 0.016508)
(-0.028164, -0.004820, 0.016508)
(-0.028164, -0.004820, 0.015213)
(-0.016868, -0.002199, 0.015213)
(-0.016868, -0.002199, 0.016508)
(-0.019409, -0.006275, 0.016508)
(-0.019409, -0.006275, 0.015213)
(-0.021448, 0.004659, 0.015213)
(-0.021448, 0.004659, 0.016508)
(-0.017954, 0.002480, 0.016508)
(-0.017954, 0.002480, 0.015213)
(-0.029249, -0.000141, 0.015213)
(-0.029249, -0.000141, 0.016508)
(-0.026709, 0.003935, 0.016508)
(-0.026709, 0.003935, 0.015213)
(-0.028164, -0.004820, 0.015213)
(-0.028164, -0.004820, 0.016508)
(-0.029249, -0.000141, 0.016508)
(-0.029249, -0.000141, 0.015213)
(-0.023421, -0.007206, 0.015213)
(-0.023421, -0.007206, 0.016508)
(-0.024669, -0.006998, 0.016508)
(-0.024669, -0.006998, 0.015213)
(-0.017954, 0.002480, 0.015213)
(-0.017954, 0.002480, 0.016508)
(-0.016868, -0.002199, 0.016508)
(-0.016868, -0.002199, 0.015213)
(-0.029249, -0.000141, 0.016508)
(-0.026593, -0.000582, 0.017548)
(-0.025143, 0.001745, 0.017548)
(-0.026709, 0.003935, 0.016508)
(-0.028164, -0.004820, 0.016508)
(-0.025973, -0.003254, 0.017548)
(-0.026593, -0.000582, 0.017548)
(-0.029249, -0.000141, 0.016508)
(-0.017954, 0.002480, 0.016508)
(-0.020144, 0.000914, 0.017548)
(-0.019524, -0.001758, 0.017548)
(-0.016868, -0.002199, 0.016508)
(-0.021448, 0.004659, 0.016508)
(-0.022147, 0.000450, 0.017548)
(-0.021889, 0.002002, 0.017548)
(-0.022147, 0.000450, 0.016511)
(-0.024669, -0.006998, 0.016508)
(-0.024228, -0.004342, 0.017548)
(-0.025973, -0.003254, 0.017548)
(-0.028164, -0.004820, 0.016508)
(-0.016868, -0.002199, 0.016508)
(-0.019524, -0.001758, 0.017548)
(-0.020975, -0.004085, 0.017548)
(-0.019409, -0.006275, 0.016508)
(-0.026709, 0.003935, 0.016508)
(-0.025143, 0.001745, 0.017548)
(-0.023139, 0.002210, 0.017548)
(-0.022697, 0.004866, 0.016508)
(-0.026709, 0.003935, 0.015213)
(-0.026709, 0.003935, 0.016508)
(-0.022697, 0.004866, 0.016508)
(-0.022697, 0.004866, 0.015213)
(-0.022697, 0.004866, 0.015213)
(-0.022697, 0.004866, 0.016508)
(-0.021448, 0.004659, 0.016508)
(-0.021448, 0.004659, 0.015213)
(-0.023139, 0.002210, 0.017548)
(-0.023397, 0.000658, 0.017548)
(-0.022697, 0.004866, 0.016508)
(-0.023397, 0.000658, 0.016511)
(-0.019409, -0.006275, 0.016508)
(-0.020975, -0.004085, 0.017548)
(-0.022978, -0.004550, 0.017548)
(-0.023421, -0.007206, 0.016508)
(-0.019409, -0.006275, 0.015213)
(-0.019409, -0.006275, 0.016508)
(-0.023421, -0.007206, 0.016508)
(-0.023421, -0.007206, 0.015213)
(-0.025143, 0.001745, 0.017548)
(-0.023397, 0.000658, 0.017548)
(-0.023139, 0.002210, 0.017548)
(-0.024227, 0.000465, 0.017548)
(-0.026593, -0.000582, 0.017548)
(-0.025042, -0.000840, 0.017548)
(-0.025973, -0.003254, 0.017548)
(-0.024694, -0.002339, 0.017548)
(-0.024228, -0.004342, 0.017548)
(-0.023970, -0.002790, 0.017548)
(-0.023970, -0.002790, 0.017548)
(-0.024228, -0.004342, 0.017548)
(-0.024669, -0.006998, 0.016508)
(-0.023970, -0.002790, 0.016511)
(-0.024694, -0.002339, 0.017548)
(-0.024694, -0.002339, 0.016511)
(-0.025042, -0.000840, 0.016511)
(-0.025042, -0.000840, 0.017548)
(-0.023421, -0.007206, 0.016508)
(-0.022978, -0.004550, 0.017548)
(-0.022721, -0.002998, 0.017548)
(-0.022721, -0.002998, 0.016511)
(-0.020975, -0.004085, 0.017548)
(-0.022721, -0.002998, 0.017548)
(-0.022978, -0.004550, 0.017548)
(-0.021890, -0.002805, 0.017548)
(-0.019524, -0.001758, 0.017548)
(-0.021075, -0.001500, 0.017548)
(-0.020144, 0.000914, 0.017548)
(-0.021424, -0.000001, 0.017548)
(-0.021889, 0.002002, 0.017548)
(-0.022147, 0.000450, 0.017548)
(-0.021075, -0.001500, 0.017548)
(-0.021075, -0.001500, 0.016511)
(-0.021890, -0.002805, 0.016511)
(-0.021890, -0.002805, 0.017548)
(-0.023970, -0.002790, 0.017548)
(-0.023970, -0.002790, 0.016511)
(-0.024694, -0.002339, 0.016511)
(-0.024694, -0.002339, 0.017548)
(-0.021424, -0.000001, 0.017548)
(-0.021423, -0.000001, 0.016511)
(-0.021075, -0.001500, 0.016511)
(-0.021075, -0.001500, 0.017548)
(-0.024227, 0.000465, 0.017548)
(-0.024227, 0.000465, 0.016511)
(-0.023397, 0.000658, 0.016511)
(-0.023397, 0.000658, 0.017548)
(-0.022147, 0.000450, 0.017548)
(-0.022147, 0.000450, 0.016511)
(-0.021423, -0.000001, 0.016511)
(-0.021424, -0.000001, 0.017548)
(-0.021890, -0.002805, 0.017548)
(-0.021890, -0.002805, 0.016511)
(-0.022721, -0.002998, 0.016511)
(-0.022721, -0.002998, 0.017548)
(-0.025042, -0.000840, 0.017548)
(-0.025042, -0.000840, 0.016511)
(-0.024227, 0.000465, 0.016511)
(-0.024227, 0.000465, 0.017548)
(-0.024669, -0.006998, 0.016508)
(-0.023421, -0.007206, 0.016508)
(-0.022721, -0.002998, 0.016511)
(-0.023970, -0.002790, 0.016511)
(-0.024694, -0.002339, 0.016511)
(-0.021890, -0.002805, 0.016511)
(-0.021075, -0.001500, 0.016511)
(-0.025042, -0.000840, 0.016511)
(-0.021423, -0.000001, 0.016511)
(-0.024227, 0.000465, 0.016511)
(-0.023397, 0.000658, 0.016511)
(-0.022147, 0.000450, 0.016511)
(-0.022697, 0.004866, 0.016508)
(-0.021448, 0.004659, 0.016508)
(-0.022709, 0.000094, 0.015213)
(-0.022710, 0.000094, -0.017911)
(-0.022980, 0.000139, -0.017911)
(-0.022980, 0.000139, 0.015213)
(-0.022268, -0.002277, -0.017911)
(-0.023137, -0.002479, -0.017911)
(-0.023408, -0.002434, -0.017911)
(-0.024166, -0.001961, -0.017911)
(-0.021716, -0.001393, -0.017911)
(-0.024402, -0.000947, -0.017911)
(-0.021952, -0.000378, -0.017911)
(-0.023851, -0.000062, -0.017911)
(-0.022710, 0.000094, -0.017911)
(-0.022980, 0.000139, -0.017911)
(-0.023408, -0.002434, 0.015213)
(-0.023408, -0.002434, -0.017911)
(-0.023137, -0.002479, -0.017911)
(-0.023137, -0.002479, 0.015213)
(-0.022268, -0.002277, 0.015213)
(-0.022268, -0.002277, -0.017911)
(-0.021716, -0.001393, -0.017911)
(-0.021716, -0.001393, 0.015213)
(-0.023851, -0.000063, 0.015213)
(-0.023851, -0.000062, -0.017911)
(-0.024402, -0.000947, -0.017911)
(-0.024402, -0.000947, 0.015213)
(-0.021951, -0.000378, 0.015213)
(-0.021952, -0.000378, -0.017911)
(-0.022710, 0.000094, -0.017911)
(-0.022709, 0.000094, 0.015213)
(-0.023137, -0.002479, 0.015213)
(-0.023137, -0.002479, -0.017911)
(-0.022268, -0.002277, -0.017911)
(-0.022268, -0.002277, 0.015213)
(-0.022980, 0.000139, 0.015213)
(-0.022980, 0.000139, -0.017911)
(-0.023851, -0.000062, -0.017911)
(-0.023851, -0.000063, 0.015213)
(-0.024166, -0.001962, 0.015213)
(-0.024166, -0.001961, -0.017911)
(-0.023408, -0.002434, -0.017911)
(-0.023408, -0.002434, 0.015213)
(-0.024402, -0.000947, 0.015213)
(-0.024402, -0.000947, -0.017911)
(-0.024166, -0.001961, -0.017911)
(-0.024166, -0.001962, 0.015213)
(-0.021716, -0.001393, 0.015213)
(-0.021716, -0.001393, -0.017911)
(-0.021952, -0.000378, -0.017911)
(-0.021951, -0.000378, 0.015213)
(0.024562, 0.003722, 0.016507)
(0.023216, 0.001389, 0.017547)
(0.024468, -0.000242, 0.017547)
(0.027069, 0.000455, 0.016507)
(0.017452, -0.006061, 0.015212)
(0.017452, -0.006062, 0.016507)
(0.014945, -0.002794, 0.016507)
(0.014945, -0.002794, 0.015212)
(0.026441, -0.004307, 0.015212)
(0.026441, -0.004307, 0.016507)
(0.022631, -0.007231, 0.016507)
(0.022631, -0.007231, 0.015212)
(0.024562, 0.003722, 0.015212)
(0.024562, 0.003722, 0.016507)
(0.027069, 0.000455, 0.016507)
(0.027069, 0.000455, 0.015212)
(0.015572, 0.001968, 0.015212)
(0.015572, 0.001968, 0.016507)
(0.019382, 0.004892, 0.016507)
(0.019382, 0.004892, 0.015212)
(0.014945, -0.002794, 0.015212)
(0.014945, -0.002794, 0.016507)
(0.015572, 0.001968, 0.016507)
(0.015572, 0.001968, 0.015212)
(0.018548, -0.006694, 0.015212)
(0.018548, -0.006694, 0.016507)
(0.017452, -0.006062, 0.016507)
(0.017452, -0.006061, 0.015212)
(0.027069, 0.000455, 0.015212)
(0.027069, 0.000455, 0.016507)
(0.026441, -0.004307, 0.016507)
(0.026441, -0.004307, 0.015212)
(0.015572, 0.001968, 0.016507)
(0.017904, 0.000622, 0.017547)
(0.020079, 0.002291, 0.017547)
(0.019382, 0.004892, 0.016507)
(0.014945, -0.002794, 0.016507)
(0.017546, -0.002097, 0.017547)
(0.017904, 0.000622, 0.017547)
(0.015572, 0.001968, 0.016507)
(0.027069, 0.000455, 0.016507)
(0.024468, -0.000242, 0.017547)
(0.024110, -0.002961, 0.017547)
(0.026441, -0.004307, 0.016507)
(0.024562, 0.003722, 0.016507)
(0.022429, 0.000027, 0.017547)
(0.023216, 0.001389, 0.017547)
(0.022429, 0.000027, 0.016510)
(0.017452, -0.006062, 0.016507)
(0.018798, -0.003729, 0.017547)
(0.017546, -0.002097, 0.017547)
(0.014945, -0.002794, 0.016507)
(0.026441, -0.004307, 0.016507)
(0.024110, -0.002961, 0.017547)
(0.021934, -0.004631, 0.017547)
(0.022631, -0.007231, 0.016507)
(0.019382, 0.004892, 0.016507)
(0.020079, 0.002291, 0.017547)
(0.022118, 0.002023, 0.017547)
(0.023466, 0.004354, 0.016507)
(0.019382, 0.004892, 0.015212)
(0.019382, 0.004892, 0.016507)
(0.023466, 0.004354, 0.016507)
(0.023466, 0.004354, 0.015212)
(0.023466, 0.004354, 0.015212)
(0.023466, 0.004354, 0.016507)
(0.024562, 0.003722, 0.016507)
(0.024562, 0.003722, 0.015212)
(0.022118, 0.002023, 0.017547)
(0.021333, 0.000661, 0.017547)
(0.023466, 0.004354, 0.016507)
(0.021333, 0.000661, 0.016510)
(0.022631, -0.007231, 0.016507)
(0.021934, -0.004631, 0.017547)
(0.019895, -0.004362, 0.017547)
(0.018548, -0.006694, 0.016507)
(0.022631, -0.007231, 0.015212)
(0.022631, -0.007231, 0.016507)
(0.018548, -0.006694, 0.016507)
(0.018548, -0.006694, 0.015212)
(0.020079, 0.002291, 0.017547)
(0.021333, 0.000661, 0.017547)
(0.022118, 0.002023, 0.017547)
(0.020487, 0.000772, 0.017547)
(0.017904, 0.000622, 0.017547)
(0.019266, -0.000165, 0.017547)
(0.017546, -0.002097, 0.017547)
(0.019065, -0.001690, 0.017547)
(0.018798, -0.003729, 0.017547)
(0.019584, -0.002367, 0.017547)
(0.019584, -0.002367, 0.017547)
(0.018798, -0.003729, 0.017547)
(0.017452, -0.006062, 0.016507)
(0.019584, -0.002367, 0.016510)
(0.019065, -0.001690, 0.017547)
(0.019065, -0.001690, 0.016510)
(0.019266, -0.000165, 0.016510)
(0.019266, -0.000165, 0.017547)
(0.018548, -0.006694, 0.016507)
(0.019895, -0.004362, 0.017547)
(0.020681, -0.003000, 0.017547)
(0.020681, -0.003000, 0.016510)
(0.021934, -0.004631, 0.017547)
(0.020681, -0.003000, 0.017547)
(0.019895, -0.004362, 0.017547)
(0.021527, -0.003111, 0.017547)
(0.024110, -0.002961, 0.017547)
(0.022748, -0.002175, 0.017547)
(0.024468, -0.000242, 0.017547)
(0.022948, -0.000650, 0.017547)
(0.023216, 0.001389, 0.017547)
(0.022429, 0.000027, 0.017547)
(0.022748, -0.002175, 0.017547)
(0.022748, -0.002175, 0.016510)
(0.021527, -0.003111, 0.016510)
(0.021527, -0.003111, 0.017547)
(0.019584, -0.002367, 0.017547)
(0.019584, -0.002367, 0.016510)
(0.019065, -0.001690, 0.016510)
(0.019065, -0.001690, 0.017547)
(0.022948, -0.000650, 0.017547)
(0.022948, -0.000649, 0.016510)
(0.022748, -0.002175, 0.016510)
(0.022748, -0.002175, 0.017547)
(0.020487, 0.000772, 0.017547)
(0.020487, 0.000772, 0.016510)
(0.021333, 0.000661, 0.016510)
(0.021333, 0.000661, 0.017547)
(0.022429, 0.000027, 0.017547)
(0.022429, 0.000027, 0.016510)
(0.022948, -0.000649, 0.016510)
(0.022948, -0.000650, 0.017547)
(0.021527, -0.003111, 0.017547)
(0.021527, -0.003111, 0.016510)
(0.020681, -0.003000, 0.016510)
(0.020681, -0.003000, 0.017547)
(0.019266, -0.000165, 0.017547)
(0.019266, -0.000165, 0.016510)
(0.020487, 0.000772, 0.016510)
(0.020487, 0.000772, 0.017547)
(0.017452, -0.006062, 0.016507)
(0.018548, -0.006694, 0.016507)
(0.020681, -0.003000, 0.016510)
(0.019584, -0.002367, 0.016510)
(0.019065, -0.001690, 0.016510)
(0.021527, -0.003111, 0.016510)
(0.022748, -0.002175, 0.016510)
(0.019266, -0.000165, 0.016510)
(0.022948, -0.000649, 0.016510)
(0.020487, 0.000772, 0.016510)
(0.021333, 0.000661, 0.016510)
(0.022429, 0.000027, 0.016510)
(0.023466, 0.004354, 0.016507)
(0.024562, 0.003722, 0.016507)
(0.021778, -0.000109, 0.015212)
(0.021778, -0.000109, -0.017911)
(0.021541, 0.000029, -0.017911)
(0.021540, 0.000029, 0.015212)
(0.022185, -0.001850, -0.017911)
(0.021359, -0.002485, -0.017911)
(0.020473, -0.002368, -0.017911)
(0.020236, -0.002231, -0.017911)
(0.019691, -0.001522, -0.017911)
(0.022322, -0.000817, -0.017911)
(0.019828, -0.000489, -0.017911)
(0.021778, -0.000109, -0.017911)
(0.020655, 0.000145, -0.017911)
(0.021541, 0.000029, -0.017911)
(0.020236, -0.002231, 0.015212)
(0.020236, -0.002231, -0.017911)
(0.020473, -0.002368, -0.017911)
(0.020473, -0.002368, 0.015212)
(0.021359, -0.002485, 0.015212)
(0.021359, -0.002485, -0.017911)
(0.022185, -0.001850, -0.017911)
(0.022186, -0.001850, 0.015212)
(0.020655, 0.000145, 0.015212)
(0.020655, 0.000145, -0.017911)
(0.019828, -0.000489, -0.017911)
(0.019828, -0.000489, 0.015212)
(0.022322, -0.000817, 0.015212)
(0.022322, -0.000817, -0.017911)
(0.021778, -0.000109, -0.017911)
(0.021778, -0.000109, 0.015212)
(0.020473, -0.002368, 0.015212)
(0.020473, -0.002368, -0.017911)
(0.021359, -0.002485, -0.017911)
(0.021359, -0.002485, 0.015212)
(0.021540, 0.000029, 0.015212)
(0.021541, 0.000029, -0.017911)
(0.020655, 0.000145, -0.017911)
(0.020655, 0.000145, 0.015212)
(0.019692, -0.001522, 0.015212)
(0.019691, -0.001522, -0.017911)
(0.020236, -0.002231, -0.017911)
(0.020236, -0.002231, 0.015212)
(0.019828, -0.000489, 0.015212)
(0.019828, -0.000489, -0.017911)
(0.019691, -0.001522, -0.017911)
(0.019692, -0.001522, 0.015212)
(0.022186, -0.001850, 0.015212)
(0.022185, -0.001850, -0.017911)
(0.022322, -0.000817, -0.017911)
(0.022322, -0.000817, 0.015212)
(0.030948, -0.006734, 0.010586)
(0.030948, -0.006734, 0.012913)
(-0.030948, -0.006735, 0.012913)
(-0.030948, -0.006735, 0.010586)
(-0.030948, -0.006735, 0.012913)
(0.030948, -0.006734, 0.012913)
(0.030948, -0.004396, 0.013864)
(-0.030948, -0.004397, 0.013864)
(-0.030948, -0.004397, 0.013864)
(0.030948, -0.004396, 0.013864)
(0.030948, 0.001993, 0.013864)
(-0.030948, 0.001993, 0.013864)
(-0.030948, 0.000000, 0.001180)
(0.030948, 0.000000, 0.001180)
(0.030948, -0.002726, 0.001694)
(-0.030948, -0.002726, 0.001695)
(0.029900, 0.002676, 0.008869)
(0.029900, 0.006242, 0.008869)
(-0.029901, 0.006242, 0.008870)
(-0.029901, 0.002676, 0.008870)
(-0.030948, 0.002676, 0.013159)
(-0.030948, 0.001993, 0.013864)
(0.030948, 0.001993, 0.013864)
(0.030948, 0.002676, 0.013159)
(0.030948, -0.006734, 0.012913)
(0.030948, -0.006734, 0.010586)
(0.030948, -0.004396, 0.011537)
(0.030948, -0.004396, 0.013864)
(0.030948, 0.002676, 0.013159)
(0.030948, 0.001993, 0.013864)
(0.030948, -0.002725, 0.008869)
(0.030948, 0.000000, 0.001180)
(0.030948, -0.002726, 0.001694)
(0.030948, 0.000000, -0.001180)
(0.030948, 0.002676, -0.013159)
(0.030948, -0.002725, -0.008870)
(0.030948, -0.002725, -0.001695)
(0.030948, -0.004396, -0.011537)
(0.030948, -0.004396, -0.013864)
(0.030948, 0.001993, -0.013864)
(0.030948, -0.006734, -0.012913)
(0.030948, -0.006734, -0.010586)
(-0.030948, -0.002726, 0.001695)
(0.030948, -0.002726, 0.001694)
(0.030948, -0.002725, 0.008869)
(-0.030948, -0.002726, 0.008870)
(0.030948, -0.004396, 0.011537)
(-0.030948, -0.004396, 0.011537)
(-0.030948, -0.002726, 0.008870)
(0.030948, -0.002725, 0.008869)
(0.030948, -0.006734, 0.010586)
(-0.030948, -0.006735, 0.010586)
(-0.030948, -0.004396, 0.011537)
(0.030948, -0.004396, 0.011537)
(-0.030948, -0.006735, 0.010586)
(-0.030948, -0.006735, 0.012913)
(-0.030948, -0.004397, 0.013864)
(-0.030948, -0.004396, 0.011537)
(-0.030948, 0.001993, 0.013864)
(-0.030948, 0.002676, 0.013159)
(-0.030948, -0.002726, 0.008870)
(-0.030948, -0.002726, 0.001695)
(-0.030948, 0.000000, 0.001180)
(-0.030949, 0.000000, -0.001180)
(-0.030949, 0.002676, -0.013159)
(-0.030948, -0.002726, -0.001694)
(-0.030949, -0.002726, -0.008869)
(-0.030949, -0.004397, -0.011537)
(-0.030949, 0.001993, -0.013864)
(-0.030949, -0.004397, -0.013864)
(-0.030949, -0.006735, -0.010586)
(-0.030949, -0.006735, -0.012913)
(0.030948, -0.006734, -0.010586)
(-0.030949, -0.006735, -0.010586)
(-0.030949, -0.006735, -0.012913)
(0.030948, -0.006734, -0.012913)
(0.029900, 0.002676, 0.008869)
(0.029900, 0.002676, -0.008870)
(0.029900, 0.006242, -0.008870)
(0.029900, 0.006242, 0.008869)
(-0.030948, 0.000000, 0.001180)
(-0.030949, 0.000000, -0.001180)
(0.030948, 0.000000, -0.001180)
(0.030948, 0.000000, 0.001180)
(-0.030949, -0.006735, -0.012913)
(-0.030949, -0.004397, -0.013864)
(0.030948, -0.004396, -0.013864)
(0.030948, -0.006734, -0.012913)
(-0.030949, -0.004397, -0.013864)
(-0.030949, 0.001993, -0.013864)
(0.030948, 0.001993, -0.013864)
(0.030948, -0.004396, -0.013864)
(-0.030949, 0.000000, -0.001180)
(-0.030948, -0.002726, -0.001694)
(0.030948, -0.002725, -0.001695)
(0.030948, 0.000000, -0.001180)
(-0.029901, 0.006242, -0.008869)
(-0.029901, 0.006242, 0.008870)
(0.029900, 0.006242, 0.008869)
(0.029900, 0.006242, -0.008870)
(-0.029901, 0.002676, -0.008869)
(-0.029901, 0.002676, 0.008870)
(-0.029901, 0.006242, 0.008870)
(-0.029901, 0.006242, -0.008869)
(0.029900, 0.002676, -0.008870)
(-0.029901, 0.002676, -0.008869)
(-0.029901, 0.006242, -0.008869)
(0.029900, 0.006242, -0.008870)
(-0.030949, 0.002676, -0.013159)
(0.030948, 0.002676, -0.013159)
(0.030948, 0.001993, -0.013864)
(-0.030949, 0.001993, -0.013864)
(-0.030948, -0.002726, -0.001694)
(-0.030949, -0.002726, -0.008869)
(0.030948, -0.002725, -0.008870)
(0.030948, -0.002725, -0.001695)
(0.030948, -0.004396, -0.011537)
(0.030948, -0.002725, -0.008870)
(-0.030949, -0.002726, -0.008869)
(-0.030949, -0.004397, -0.011537)
(0.030948, -0.006734, -0.010586)
(0.030948, -0.004396, -0.011537)
(-0.030949, -0.004397, -0.011537)
(-0.030949, -0.006735, -0.010586)
(-0.011920, 0.015422, -0.023229)
(-0.012371, 0.015606, -0.023037)
(-0.012371, 0.015609, -0.027336)
(-0.011920, 0.015422, -0.027172)
(-0.008433, 0.016598, -0.023229)
(-0.008915, 0.016532, -0.023037)
(-0.008917, 0.016535, -0.027336)
(-0.008433, 0.016598, -0.027172)
(-0.006001, 0.019360, -0.023229)
(-0.006386, 0.019062, -0.023037)
(-0.006389, 0.019064, -0.027336)
(-0.006001, 0.019360, -0.027172)
(-0.006452, 0.018579, -0.023229)
(-0.008433, 0.016598, -0.023229)
(-0.007577, 0.016138, -0.023370)
(-0.005972, 0.017743, -0.023370)
(-0.008433, 0.016598, -0.023229)
(-0.008433, 0.016598, -0.027172)
(-0.007577, 0.016138, -0.026685)
(-0.007577, 0.016138, -0.023370)
(-0.008433, 0.016598, -0.027172)
(-0.005972, 0.017743, -0.026685)
(-0.007577, 0.016138, -0.026685)
(-0.006452, 0.018579, -0.027172)
(-0.008917, 0.016535, -0.027336)
(-0.006389, 0.019064, -0.027336)
(-0.009787, 0.018042, -0.028259)
(-0.007896, 0.019934, -0.028259)
(-0.005972, 0.017743, -0.023370)
(-0.007577, 0.016138, -0.023370)
(-0.007577, 0.016138, -0.026685)
(-0.005972, 0.017743, -0.026685)
(-0.008917, 0.016535, -0.027336)
(-0.012371, 0.017349, -0.028259)
(-0.009787, 0.018042, -0.028259)
(-0.012371, 0.015609, -0.027336)
(-0.009214, 0.016147, -0.027172)
(-0.011920, 0.015422, -0.027172)
(-0.009217, 0.015183, -0.026685)
(-0.011409, 0.014596, -0.026685)
(-0.008915, 0.016532, -0.023037)
(-0.011920, 0.015422, -0.023229)
(-0.009214, 0.016147, -0.023229)
(-0.012371, 0.015606, -0.023037)
(-0.009037, 0.016742, -0.022885)
(-0.012371, 0.015849, -0.022885)
(-0.009214, 0.016147, -0.027172)
(-0.009214, 0.016147, -0.023229)
(-0.009217, 0.015183, -0.023370)
(-0.009217, 0.015183, -0.026685)
(-0.009037, 0.016742, -0.019065)
(-0.012371, 0.015849, -0.019065)
(-0.012371, 0.015849, -0.022885)
(-0.009037, 0.016742, -0.022885)
(-0.008915, 0.016532, -0.023037)
(-0.009214, 0.016147, -0.023229)
(-0.009214, 0.016147, -0.027172)
(-0.008917, 0.016535, -0.027336)
(-0.005275, 0.022067, -0.027172)
(-0.005275, 0.022067, -0.023229)
(-0.004442, 0.021582, -0.023370)
(-0.004442, 0.021582, -0.026685)
(-0.006001, 0.019360, -0.027172)
(-0.004442, 0.021582, -0.026685)
(-0.005030, 0.019390, -0.026685)
(-0.005275, 0.022067, -0.027172)
(-0.006389, 0.019064, -0.027336)
(-0.005463, 0.022518, -0.027336)
(-0.007896, 0.019934, -0.028259)
(-0.007203, 0.022518, -0.028259)
(-0.006001, 0.019360, -0.023229)
(-0.006001, 0.019360, -0.027172)
(-0.005030, 0.019390, -0.026685)
(-0.005030, 0.019390, -0.023370)
(-0.004442, 0.021582, -0.023370)
(-0.005030, 0.019390, -0.023370)
(-0.005030, 0.019390, -0.026685)
(-0.004442, 0.021582, -0.026685)
(-0.009214, 0.016147, -0.023229)
(-0.011920, 0.015422, -0.023229)
(-0.011409, 0.014596, -0.023370)
(-0.009217, 0.015183, -0.023370)
(-0.011920, 0.015422, -0.023229)
(-0.011920, 0.015422, -0.027172)
(-0.011409, 0.014596, -0.026685)
(-0.011409, 0.014596, -0.023370)
(-0.009217, 0.015183, -0.023370)
(-0.011409, 0.014596, -0.023370)
(-0.011409, 0.014596, -0.026685)
(-0.009217, 0.015183, -0.026685)
(-0.005275, 0.022067, -0.023229)
(-0.006001, 0.019360, -0.023229)
(-0.005030, 0.019390, -0.023370)
(-0.004442, 0.021582, -0.023370)
(-0.005460, 0.022518, -0.023037)
(-0.006001, 0.019360, -0.023229)
(-0.005275, 0.022067, -0.023229)
(-0.006386, 0.019062, -0.023037)
(-0.005702, 0.022518, -0.022885)
(-0.006596, 0.019183, -0.022885)
(-0.005702, 0.022518, -0.019065)
(-0.006596, 0.019183, -0.019065)
(-0.006596, 0.019183, -0.022885)
(-0.005702, 0.022518, -0.022885)
(-0.005460, 0.022518, -0.023037)
(-0.005275, 0.022067, -0.023229)
(-0.005275, 0.022067, -0.027172)
(-0.005463, 0.022518, -0.027336)
(-0.006452, 0.018579, -0.027172)
(-0.006452, 0.018579, -0.023229)
(-0.005972, 0.017743, -0.023370)
(-0.005972, 0.017743, -0.026685)
(-0.006386, 0.019062, -0.023037)
(-0.008433, 0.016598, -0.023229)
(-0.006452, 0.018579, -0.023229)
(-0.008915, 0.016532, -0.023037)
(-0.006596, 0.019183, -0.022885)
(-0.009037, 0.016742, -0.022885)
(-0.006596, 0.019183, -0.019065)
(-0.009037, 0.016742, -0.019065)
(-0.009037, 0.016742, -0.022885)
(-0.006596, 0.019183, -0.022885)
(-0.006386, 0.019062, -0.023037)
(-0.006452, 0.018579, -0.023229)
(-0.006452, 0.018579, -0.027172)
(-0.006389, 0.019064, -0.027336)
(-0.011920, 0.029614, -0.023229)
(-0.011920, 0.029614, -0.027172)
(-0.012371, 0.029426, -0.027336)
(-0.012371, 0.029430, -0.023037)
(-0.008433, 0.028438, -0.023229)
(-0.008433, 0.028438, -0.027172)
(-0.008917, 0.028501, -0.027336)
(-0.008915, 0.028504, -0.023037)
(-0.006001, 0.025675, -0.023229)
(-0.006001, 0.025675, -0.027172)
(-0.006389, 0.025972, -0.027336)
(-0.006386, 0.025974, -0.023037)
(-0.006452, 0.026456, -0.023229)
(-0.005972, 0.027292, -0.023370)
(-0.007577, 0.028897, -0.023370)
(-0.008433, 0.028438, -0.023229)
(-0.008433, 0.028438, -0.023229)
(-0.007577, 0.028897, -0.023370)
(-0.007577, 0.028897, -0.026685)
(-0.008433, 0.028438, -0.027172)
(-0.008433, 0.028438, -0.027172)
(-0.007577, 0.028897, -0.026685)
(-0.005972, 0.027292, -0.026685)
(-0.006452, 0.026456, -0.027172)
(-0.008917, 0.028501, -0.027336)
(-0.006389, 0.025972, -0.027336)
(-0.009787, 0.026994, -0.028259)
(-0.007896, 0.025102, -0.028259)
(-0.005972, 0.027292, -0.023370)
(-0.005972, 0.027292, -0.026685)
(-0.007577, 0.028897, -0.026685)
(-0.007577, 0.028897, -0.023370)
(-0.008917, 0.028501, -0.027336)
(-0.009787, 0.026994, -0.028259)
(-0.012371, 0.027686, -0.028259)
(-0.012371, 0.029426, -0.027336)
(-0.009214, 0.028889, -0.027172)
(-0.011920, 0.029614, -0.027172)
(-0.009216, 0.029852, -0.026685)
(-0.011409, 0.030440, -0.026685)
(-0.008915, 0.028504, -0.023037)
(-0.009214, 0.028889, -0.023229)
(-0.011920, 0.029614, -0.023229)
(-0.012371, 0.029430, -0.023037)
(-0.009037, 0.028293, -0.022885)
(-0.012371, 0.029187, -0.022885)
(-0.009214, 0.028889, -0.027172)
(-0.009216, 0.029852, -0.026685)
(-0.009216, 0.029852, -0.023370)
(-0.009214, 0.028889, -0.023229)
(-0.009037, 0.028293, -0.019065)
(-0.009037, 0.028293, -0.022885)
(-0.012371, 0.029187, -0.022885)
(-0.012371, 0.029187, -0.019065)
(-0.008915, 0.028504, -0.023037)
(-0.008917, 0.028501, -0.027336)
(-0.009214, 0.028889, -0.027172)
(-0.009214, 0.028889, -0.023229)
(-0.005275, 0.022969, -0.027172)
(-0.004442, 0.023453, -0.026685)
(-0.004442, 0.023453, -0.023370)
(-0.005275, 0.022969, -0.023229)
(-0.006001, 0.025675, -0.027172)
(-0.005030, 0.025645, -0.026685)
(-0.004442, 0.023453, -0.026685)
(-0.005275, 0.022969, -0.027172)
(-0.006389, 0.025972, -0.027336)
(-0.005463, 0.022518, -0.027336)
(-0.007896, 0.025102, -0.028259)
(-0.007203, 0.022518, -0.028259)
(-0.006001, 0.025675, -0.023229)
(-0.005030, 0.025645, -0.023370)
(-0.005030, 0.025645, -0.026685)
(-0.006001, 0.025675, -0.027172)
(-0.004442, 0.023453, -0.023370)
(-0.004442, 0.023453, -0.026685)
(-0.005030, 0.025645, -0.026685)
(-0.005030, 0.025645, -0.023370)
(-0.009214, 0.028889, -0.023229)
(-0.009216, 0.029852, -0.023370)
(-0.011409, 0.030440, -0.023370)
(-0.011920, 0.029614, -0.023229)
(-0.011920, 0.029614, -0.023229)
(-0.011409, 0.030440, -0.023370)
(-0.011409, 0.030440, -0.026685)
(-0.011920, 0.029614, -0.027172)
(-0.009216, 0.029852, -0.023370)
(-0.009216, 0.029852, -0.026685)
(-0.011409, 0.030440, -0.026685)
(-0.011409, 0.030440, -0.023370)
(-0.005275, 0.022969, -0.023229)
(-0.004442, 0.023453, -0.023370)
(-0.005030, 0.025645, -0.023370)
(-0.006001, 0.025675, -0.023229)
(-0.005460, 0.022518, -0.023037)
(-0.005275, 0.022969, -0.023229)
(-0.006001, 0.025675, -0.023229)
(-0.006386, 0.025974, -0.023037)
(-0.005702, 0.022518, -0.022885)
(-0.006596, 0.025852, -0.022885)
(-0.005702, 0.022518, -0.019065)
(-0.005702, 0.022518, -0.022885)
(-0.006596, 0.025852, -0.022885)
(-0.006596, 0.025852, -0.019065)
(-0.005460, 0.022518, -0.023037)
(-0.005463, 0.022518, -0.027336)
(-0.005275, 0.022969, -0.027172)
(-0.005275, 0.022969, -0.023229)
(-0.006452, 0.026456, -0.027172)
(-0.005972, 0.027292, -0.026685)
(-0.005972, 0.027292, -0.023370)
(-0.006452, 0.026456, -0.023229)
(-0.006386, 0.025974, -0.023037)
(-0.006452, 0.026456, -0.023229)
(-0.008433, 0.028438, -0.023229)
(-0.008915, 0.028504, -0.023037)
(-0.006596, 0.025852, -0.022885)
(-0.009037, 0.028293, -0.022885)
(-0.006596, 0.025852, -0.019065)
(-0.006596, 0.025852, -0.022885)
(-0.009037, 0.028293, -0.022885)
(-0.009037, 0.028293, -0.019065)
(-0.006386, 0.025974, -0.023037)
(-0.006389, 0.025972, -0.027336)
(-0.006452, 0.026456, -0.027172)
(-0.006452, 0.026456, -0.023229)
(-0.012822, 0.015422, -0.023229)
(-0.012822, 0.015422, -0.027172)
(-0.012371, 0.015609, -0.027336)
(-0.012371, 0.015606, -0.023037)
(-0.016310, 0.016598, -0.023229)
(-0.016310, 0.016598, -0.027172)
(-0.015825, 0.016535, -0.027336)
(-0.015827, 0.016532, -0.023037)
(-0.018743, 0.019360, -0.023229)
(-0.018743, 0.019360, -0.027172)
(-0.018355, 0.019064, -0.027336)
(-0.018358, 0.019062, -0.023037)
(-0.018292, 0.018579, -0.023229)
(-0.018770, 0.017743, -0.023370)
(-0.017165, 0.016138, -0.023370)
(-0.016310, 0.016598, -0.023229)
(-0.016310, 0.016598, -0.023229)
(-0.017165, 0.016138, -0.023370)
(-0.017166, 0.016138, -0.026685)
(-0.016310, 0.016598, -0.027172)
(-0.016310, 0.016598, -0.027172)
(-0.017166, 0.016138, -0.026685)
(-0.018770, 0.017743, -0.026685)
(-0.018292, 0.018579, -0.027172)
(-0.015825, 0.016535, -0.027336)
(-0.018355, 0.019064, -0.027336)
(-0.014956, 0.018042, -0.028259)
(-0.016848, 0.019934, -0.028259)
(-0.018770, 0.017743, -0.023370)
(-0.018770, 0.017743, -0.026685)
(-0.017166, 0.016138, -0.026685)
(-0.017165, 0.016138, -0.023370)
(-0.015825, 0.016535, -0.027336)
(-0.014956, 0.018042, -0.028259)
(-0.012371, 0.017349, -0.028259)
(-0.012371, 0.015609, -0.027336)
(-0.015529, 0.016147, -0.027172)
(-0.012822, 0.015422, -0.027172)
(-0.015526, 0.015183, -0.026685)
(-0.013334, 0.014596, -0.026685)
(-0.015827, 0.016532, -0.023037)
(-0.015529, 0.016147, -0.023229)
(-0.012822, 0.015422, -0.023229)
(-0.012371, 0.015606, -0.023037)
(-0.015706, 0.016742, -0.022885)
(-0.012371, 0.015849, -0.022885)
(-0.015529, 0.016147, -0.027172)
(-0.015526, 0.015183, -0.026685)
(-0.015526, 0.015183, -0.023370)
(-0.015529, 0.016147, -0.023229)
(-0.015706, 0.016742, -0.019065)
(-0.015706, 0.016742, -0.022885)
(-0.012371, 0.015849, -0.022885)
(-0.012371, 0.015849, -0.019065)
(-0.015827, 0.016532, -0.023037)
(-0.015825, 0.016535, -0.027336)
(-0.015529, 0.016147, -0.027172)
(-0.015529, 0.016147, -0.023229)
(-0.019468, 0.022067, -0.027172)
(-0.020301, 0.021582, -0.026685)
(-0.020301, 0.021582, -0.023370)
(-0.019468, 0.022067, -0.023229)
(-0.018743, 0.019360, -0.027172)
(-0.019714, 0.019390, -0.026685)
(-0.020301, 0.021582, -0.026685)
(-0.019468, 0.022067, -0.027172)
(-0.018355, 0.019064, -0.027336)
(-0.019280, 0.022518, -0.027336)
(-0.016848, 0.019934, -0.028259)
(-0.017540, 0.022518, -0.028259)
(-0.018743, 0.019360, -0.023229)
(-0.019714, 0.019390, -0.023370)
(-0.019714, 0.019390, -0.026685)
(-0.018743, 0.019360, -0.027172)
(-0.020301, 0.021582, -0.023370)
(-0.020301, 0.021582, -0.026685)
(-0.019714, 0.019390, -0.026685)
(-0.019714, 0.019390, -0.023370)
(-0.015529, 0.016147, -0.023229)
(-0.015526, 0.015183, -0.023370)
(-0.013334, 0.014596, -0.023370)
(-0.012822, 0.015422, -0.023229)
(-0.012822, 0.015422, -0.023229)
(-0.013334, 0.014596, -0.023370)
(-0.013334, 0.014596, -0.026685)
(-0.012822, 0.015422, -0.027172)
(-0.015526, 0.015183, -0.023370)
(-0.015526, 0.015183, -0.026685)
(-0.013334, 0.014596, -0.026685)
(-0.013334, 0.014596, -0.023370)
(-0.019468, 0.022067, -0.023229)
(-0.020301, 0.021582, -0.023370)
(-0.019714, 0.019390, -0.023370)
(-0.018743, 0.019360, -0.023229)
(-0.019284, 0.022518, -0.023037)
(-0.019468, 0.022067, -0.023229)
(-0.018743, 0.019360, -0.023229)
(-0.018358, 0.019062, -0.023037)
(-0.019040, 0.022518, -0.022885)
(-0.018147, 0.019183, -0.022885)
(-0.019040, 0.022518, -0.019065)
(-0.019040, 0.022518, -0.022885)
(-0.018147, 0.019183, -0.022885)
(-0.018147, 0.019183, -0.019065)
(-0.019284, 0.022518, -0.023037)
(-0.019280, 0.022518, -0.027336)
(-0.019468, 0.022067, -0.027172)
(-0.019468, 0.022067, -0.023229)
(-0.018292, 0.018579, -0.027172)
(-0.018770, 0.017743, -0.026685)
(-0.018770, 0.017743, -0.023370)
(-0.018292, 0.018579, -0.023229)
(-0.018358, 0.019062, -0.023037)
(-0.018292, 0.018579, -0.023229)
(-0.016310, 0.016598, -0.023229)
(-0.015827, 0.016532, -0.023037)
(-0.018147, 0.019183, -0.022885)
(-0.015706, 0.016742, -0.022885)
(-0.018147, 0.019183, -0.019065)
(-0.018147, 0.019183, -0.022885)
(-0.015706, 0.016742, -0.022885)
(-0.015706, 0.016742, -0.019065)
(-0.018358, 0.019062, -0.023037)
(-0.018355, 0.019064, -0.027336)
(-0.018292, 0.018579, -0.027172)
(-0.018292, 0.018579, -0.023229)
(-0.012822, 0.029614, -0.023229)
(-0.012371, 0.029430, -0.023037)
(-0.012371, 0.029426, -0.027336)
(-0.012822, 0.029614, -0.027172)
(-0.016310, 0.028438, -0.023229)
(-0.015827, 0.028504, -0.023037)
(-0.015825, 0.028501, -0.027336)
(-0.016310, 0.028438, -0.027172)
(-0.018743, 0.025675, -0.023229)
(-0.018357, 0.025974, -0.023037)
(-0.018355, 0.025972, -0.027336)
(-0.018743, 0.025675, -0.027172)
(-0.018292, 0.026456, -0.023229)
(-0.016310, 0.028438, -0.023229)
(-0.017166, 0.028897, -0.023370)
(-0.018770, 0.027292, -0.023370)
(-0.016310, 0.028438, -0.023229)
(-0.016310, 0.028438, -0.027172)
(-0.017166, 0.028897, -0.026685)
(-0.017166, 0.028897, -0.023370)
(-0.016310, 0.028438, -0.027172)
(-0.018770, 0.027293, -0.026685)
(-0.017166, 0.028897, -0.026685)
(-0.018292, 0.026456, -0.027172)
(-0.015825, 0.028501, -0.027336)
(-0.018355, 0.025972, -0.027336)
(-0.014956, 0.026994, -0.028259)
(-0.016848, 0.025102, -0.028259)
(-0.018770, 0.027292, -0.023370)
(-0.017166, 0.028897, -0.023370)
(-0.017166, 0.028897, -0.026685)
(-0.018770, 0.027293, -0.026685)
(-0.015825, 0.028501, -0.027336)
(-0.012371, 0.027686, -0.028259)
(-0.014956, 0.026994, -0.028259)
(-0.012371, 0.029426, -0.027336)
(-0.015529, 0.028889, -0.027172)
(-0.012822, 0.029614, -0.027172)
(-0.015526, 0.029852, -0.026685)
(-0.013334, 0.030440, -0.026685)
(-0.015827, 0.028504, -0.023037)
(-0.012822, 0.029614, -0.023229)
(-0.015529, 0.028889, -0.023229)
(-0.012371, 0.029430, -0.023037)
(-0.015706, 0.028293, -0.022885)
(-0.012371, 0.029187, -0.022885)
(-0.015529, 0.028889, -0.027172)
(-0.015529, 0.028889, -0.023229)
(-0.015526, 0.029852, -0.023370)
(-0.015526, 0.029852, -0.026685)
(-0.015706, 0.028293, -0.019065)
(-0.012371, 0.029187, -0.019065)
(-0.012371, 0.029187, -0.022885)
(-0.015706, 0.028293, -0.022885)
(-0.015827, 0.028504, -0.023037)
(-0.015529, 0.028889, -0.023229)
(-0.015529, 0.028889, -0.027172)
(-0.015825, 0.028501, -0.027336)
(-0.019468, 0.022969, -0.027172)
(-0.019468, 0.022969, -0.023229)
(-0.020301, 0.023453, -0.023370)
(-0.020301, 0.023453, -0.026685)
(-0.018743, 0.025675, -0.027172)
(-0.020301, 0.023453, -0.026685)
(-0.019714, 0.025645, -0.026685)
(-0.019468, 0.022969, -0.027172)
(-0.018355, 0.025972, -0.027336)
(-0.019280, 0.022518, -0.027336)
(-0.016848, 0.025102, -0.028259)
(-0.017540, 0.022518, -0.028259)
(-0.018743, 0.025675, -0.023229)
(-0.018743, 0.025675, -0.027172)
(-0.019714, 0.025645, -0.026685)
(-0.019714, 0.025645, -0.023370)
(-0.020301, 0.023453, -0.023370)
(-0.019714, 0.025645, -0.023370)
(-0.019714, 0.025645, -0.026685)
(-0.020301, 0.023453, -0.026685)
(-0.015529, 0.028889, -0.023229)
(-0.012822, 0.029614, -0.023229)
(-0.013334, 0.030440, -0.023370)
(-0.015526, 0.029852, -0.023370)
(-0.012822, 0.029614, -0.023229)
(-0.012822, 0.029614, -0.027172)
(-0.013334, 0.030440, -0.026685)
(-0.013334, 0.030440, -0.023370)
(-0.015526, 0.029852, -0.023370)
(-0.013334, 0.030440, -0.023370)
(-0.013334, 0.030440, -0.026685)
(-0.015526, 0.029852, -0.026685)
(-0.019468, 0.022969, -0.023229)
(-0.018743, 0.025675, -0.023229)
(-0.019714, 0.025645, -0.023370)
(-0.020301, 0.023453, -0.023370)
(-0.019284, 0.022518, -0.023037)
(-0.018743, 0.025675, -0.023229)
(-0.019468, 0.022969, -0.023229)
(-0.018357, 0.025974, -0.023037)
(-0.019040, 0.022518, -0.022885)
(-0.018147, 0.025852, -0.022885)
(-0.019040, 0.022518, -0.019065)
(-0.018147, 0.025852, -0.019065)
(-0.018147, 0.025852, -0.022885)
(-0.019040, 0.022518, -0.022885)
(-0.019284, 0.022518, -0.023037)
(-0.019468, 0.022969, -0.023229)
(-0.019468, 0.022969, -0.027172)
(-0.019280, 0.022518, -0.027336)
(-0.018292, 0.026456, -0.027172)
(-0.018292, 0.026456, -0.023229)
(-0.018770, 0.027292, -0.023370)
(-0.018770, 0.027293, -0.026685)
(-0.018357, 0.025974, -0.023037)
(-0.016310, 0.028438, -0.023229)
(-0.018292, 0.026456, -0.023229)
(-0.015827, 0.028504, -0.023037)
(-0.018147, 0.025852, -0.022885)
(-0.015706, 0.028293, -0.022885)
(-0.018147, 0.025852, -0.019065)
(-0.015706, 0.028293, -0.019065)
(-0.015706, 0.028293, -0.022885)
(-0.018147, 0.025852, -0.022885)
(-0.018357, 0.025974, -0.023037)
(-0.018292, 0.026456, -0.023229)
(-0.018292, 0.026456, -0.027172)
(-0.018355, 0.025972, -0.027336)
(-0.009787, 0.018042, -0.028259)
(-0.012371, 0.017349, -0.028259)
(-0.014956, 0.018042, -0.028259)
(-0.016848, 0.019934, -0.028259)
(-0.007896, 0.019934, -0.028259)
(-0.017540, 0.022518, -0.028259)
(-0.007203, 0.022518, -0.028259)
(-0.016848, 0.025102, -0.028259)
(-0.007896, 0.025102, -0.028259)
(-0.014956, 0.026994, -0.028259)
(-0.009787, 0.026994, -0.028259)
(-0.012371, 0.027686, -0.028259)
(-0.011920, 0.015422, 0.023229)
(-0.011920, 0.015422, 0.027172)
(-0.012371, 0.015609, 0.027336)
(-0.012371, 0.015606, 0.023038)
(-0.008433, 0.016598, 0.023229)
(-0.008433, 0.016598, 0.027172)
(-0.008917, 0.016535, 0.027336)
(-0.008915, 0.016532, 0.023038)
(-0.006000, 0.019360, 0.023229)
(-0.006000, 0.019360, 0.027172)
(-0.006388, 0.019064, 0.027336)
(-0.006385, 0.019062, 0.023037)
(-0.006451, 0.018579, 0.023229)
(-0.005972, 0.017743, 0.023370)
(-0.007576, 0.016138, 0.023370)
(-0.008433, 0.016598, 0.023229)
(-0.008433, 0.016598, 0.023229)
(-0.007576, 0.016138, 0.023370)
(-0.007576, 0.016138, 0.026685)
(-0.008433, 0.016598, 0.027172)
(-0.008433, 0.016598, 0.027172)
(-0.007576, 0.016138, 0.026685)
(-0.005972, 0.017743, 0.026685)
(-0.006451, 0.018579, 0.027172)
(-0.008917, 0.016535, 0.027336)
(-0.006388, 0.019064, 0.027336)
(-0.009787, 0.018042, 0.028259)
(-0.007895, 0.019934, 0.028259)
(-0.005972, 0.017743, 0.023370)
(-0.005972, 0.017743, 0.026685)
(-0.007576, 0.016138, 0.026685)
(-0.007576, 0.016138, 0.023370)
(-0.008917, 0.016535, 0.027336)
(-0.009787, 0.018042, 0.028259)
(-0.012371, 0.017349, 0.028259)
(-0.012371, 0.015609, 0.027336)
(-0.009214, 0.016147, 0.027172)
(-0.011920, 0.015422, 0.027172)
(-0.009217, 0.015183, 0.026685)
(-0.011409, 0.014596, 0.026685)
(-0.008915, 0.016532, 0.023038)
(-0.009214, 0.016147, 0.023229)
(-0.011920, 0.015422, 0.023229)
(-0.012371, 0.015606, 0.023038)
(-0.009036, 0.016742, 0.022885)
(-0.012371, 0.015849, 0.022885)
(-0.009214, 0.016147, 0.027172)
(-0.009217, 0.015183, 0.026685)
(-0.009216, 0.015183, 0.023370)
(-0.009214, 0.016147, 0.023229)
(-0.009036, 0.016742, 0.019065)
(-0.009036, 0.016742, 0.022885)
(-0.012371, 0.015849, 0.022885)
(-0.012371, 0.015849, 0.019065)
(-0.008915, 0.016532, 0.023038)
(-0.008917, 0.016535, 0.027336)
(-0.009214, 0.016147, 0.027172)
(-0.009214, 0.016147, 0.023229)
(-0.005275, 0.022067, 0.027172)
(-0.004441, 0.021582, 0.026685)
(-0.004441, 0.021582, 0.023370)
(-0.005275, 0.022067, 0.023229)
(-0.006000, 0.019360, 0.027172)
(-0.005029, 0.019390, 0.026685)
(-0.004441, 0.021582, 0.026685)
(-0.005275, 0.022067, 0.027172)
(-0.006388, 0.019064, 0.027336)
(-0.005463, 0.022518, 0.027336)
(-0.007895, 0.019934, 0.028259)
(-0.007202, 0.022518, 0.028259)
(-0.006000, 0.019360, 0.023229)
(-0.005029, 0.019390, 0.023370)
(-0.005029, 0.019390, 0.026685)
(-0.006000, 0.019360, 0.027172)
(-0.004441, 0.021582, 0.023370)
(-0.004441, 0.021582, 0.026685)
(-0.005029, 0.019390, 0.026685)
(-0.005029, 0.019390, 0.023370)
(-0.009214, 0.016147, 0.023229)
(-0.009216, 0.015183, 0.023370)
(-0.011409, 0.014596, 0.023370)
(-0.011920, 0.015422, 0.023229)
(-0.011920, 0.015422, 0.023229)
(-0.011409, 0.014596, 0.023370)
(-0.011409, 0.014596, 0.026685)
(-0.011920, 0.015422, 0.027172)
(-0.009216, 0.015183, 0.023370)
(-0.009217, 0.015183, 0.026685)
(-0.011409, 0.014596, 0.026685)
(-0.011409, 0.014596, 0.023370)
(-0.005275, 0.022067, 0.023229)
(-0.004441, 0.021582, 0.023370)
(-0.005029, 0.019390, 0.023370)
(-0.006000, 0.019360, 0.023229)
(-0.005459, 0.022518, 0.023037)
(-0.005275, 0.022067, 0.023229)
(-0.006000, 0.019360, 0.023229)
(-0.006385, 0.019062, 0.023037)
(-0.005702, 0.022518, 0.022885)
(-0.006596, 0.019183, 0.022885)
(-0.005702, 0.022518, 0.019065)
(-0.005702, 0.022518, 0.022885)
(-0.006596, 0.019183, 0.022885)
(-0.006596, 0.019184, 0.019065)
(-0.005459, 0.022518, 0.023037)
(-0.005463, 0.022518, 0.027336)
(-0.005275, 0.022067, 0.027172)
(-0.005275, 0.022067, 0.023229)
(-0.006451, 0.018579, 0.027172)
(-0.005972, 0.017743, 0.026685)
(-0.005972, 0.017743, 0.023370)
(-0.006451, 0.018579, 0.023229)
(-0.006385, 0.019062, 0.023037)
(-0.006451, 0.018579, 0.023229)
(-0.008433, 0.016598, 0.023229)
(-0.008915, 0.016532, 0.023038)
(-0.006596, 0.019183, 0.022885)
(-0.009036, 0.016742, 0.022885)
(-0.006596, 0.019184, 0.019065)
(-0.006596, 0.019183, 0.022885)
(-0.009036, 0.016742, 0.022885)
(-0.009036, 0.016742, 0.019065)
(-0.006385, 0.019062, 0.023037)
(-0.006388, 0.019064, 0.027336)
(-0.006451, 0.018579, 0.027172)
(-0.006451, 0.018579, 0.023229)
(-0.011920, 0.029614, 0.023229)
(-0.012371, 0.029430, 0.023038)
(-0.012371, 0.029426, 0.027336)
(-0.011920, 0.029614, 0.027172)
(-0.008433, 0.028438, 0.023229)
(-0.008915, 0.028504, 0.023038)
(-0.008917, 0.028501, 0.027336)
(-0.008433, 0.028438, 0.027172)
(-0.006000, 0.025675, 0.023229)
(-0.006385, 0.025974, 0.023037)
(-0.006388, 0.025972, 0.027336)
(-0.006000, 0.025675, 0.027172)
(-0.006451, 0.026456, 0.023229)
(-0.008433, 0.028438, 0.023229)
(-0.007576, 0.028897, 0.023370)
(-0.005972, 0.027292, 0.023370)
(-0.008433, 0.028438, 0.023229)
(-0.008433, 0.028438, 0.027172)
(-0.007576, 0.028897, 0.026685)
(-0.007576, 0.028897, 0.023370)
(-0.008433, 0.028438, 0.027172)
(-0.005972, 0.027292, 0.026685)
(-0.007576, 0.028897, 0.026685)
(-0.006451, 0.026457, 0.027172)
(-0.008917, 0.028501, 0.027336)
(-0.006388, 0.025972, 0.027336)
(-0.009787, 0.026994, 0.028259)
(-0.007895, 0.025102, 0.028259)
(-0.005972, 0.027292, 0.023370)
(-0.007576, 0.028897, 0.023370)
(-0.007576, 0.028897, 0.026685)
(-0.005972, 0.027292, 0.026685)
(-0.008917, 0.028501, 0.027336)
(-0.012371, 0.027686, 0.028259)
(-0.009787, 0.026994, 0.028259)
(-0.012371, 0.029426, 0.027336)
(-0.009214, 0.028889, 0.027172)
(-0.011920, 0.029614, 0.027172)
(-0.009216, 0.029852, 0.026685)
(-0.011409, 0.030440, 0.026685)
(-0.008915, 0.028504, 0.023038)
(-0.011920, 0.029614, 0.023229)
(-0.009214, 0.028889, 0.023229)
(-0.012371, 0.029430, 0.023038)
(-0.009036, 0.028293, 0.022885)
(-0.012371, 0.029187, 0.022885)
(-0.009214, 0.028889, 0.027172)
(-0.009214, 0.028889, 0.023229)
(-0.009216, 0.029852, 0.023370)
(-0.009216, 0.029852, 0.026685)
(-0.009036, 0.028293, 0.019065)
(-0.012371, 0.029187, 0.019065)
(-0.012371, 0.029187, 0.022885)
(-0.009036, 0.028293, 0.022885)
(-0.008915, 0.028504, 0.023038)
(-0.009214, 0.028889, 0.023229)
(-0.009214, 0.028889, 0.027172)
(-0.008917, 0.028501, 0.027336)
(-0.005275, 0.022969, 0.027172)
(-0.005275, 0.022969, 0.023229)
(-0.004441, 0.023453, 0.023370)
(-0.004441, 0.023453, 0.026685)
(-0.006000, 0.025675, 0.027172)
(-0.004441, 0.023453, 0.026685)
(-0.005029, 0.025645, 0.026685)
(-0.005275, 0.022969, 0.027172)
(-0.006388, 0.025972, 0.027336)
(-0.005463, 0.022518, 0.027336)
(-0.007895, 0.025102, 0.028259)
(-0.007202, 0.022518, 0.028259)
(-0.006000, 0.025675, 0.023229)
(-0.006000, 0.025675, 0.027172)
(-0.005029, 0.025645, 0.026685)
(-0.005029, 0.025645, 0.023370)
(-0.004441, 0.023453, 0.023370)
(-0.005029, 0.025645, 0.023370)
(-0.005029, 0.025645, 0.026685)
(-0.004441, 0.023453, 0.026685)
(-0.009214, 0.028889, 0.023229)
(-0.011920, 0.029614, 0.023229)
(-0.011409, 0.030440, 0.023370)
(-0.009216, 0.029852, 0.023370)
(-0.011920, 0.029614, 0.023229)
(-0.011920, 0.029614, 0.027172)
(-0.011409, 0.030440, 0.026685)
(-0.011409, 0.030440, 0.023370)
(-0.009216, 0.029852, 0.023370)
(-0.011409, 0.030440, 0.023370)
(-0.011409, 0.030440, 0.026685)
(-0.009216, 0.029852, 0.026685)
(-0.005275, 0.022969, 0.023229)
(-0.006000, 0.025675, 0.023229)
(-0.005029, 0.025645, 0.023370)
(-0.004441, 0.023453, 0.023370)
(-0.005459, 0.022518, 0.023037)
(-0.006000, 0.025675, 0.023229)
(-0.005275, 0.022969, 0.023229)
(-0.006385, 0.025974, 0.023037)
(-0.005702, 0.022518, 0.022885)
(-0.006596, 0.025852, 0.022885)
(-0.005702, 0.022518, 0.019065)
(-0.006596, 0.025852, 0.019065)
(-0.006596, 0.025852, 0.022885)
(-0.005702, 0.022518, 0.022885)
(-0.005459, 0.022518, 0.023037)
(-0.005275, 0.022969, 0.023229)
(-0.005275, 0.022969, 0.027172)
(-0.005463, 0.022518, 0.027336)
(-0.006451, 0.026457, 0.027172)
(-0.006451, 0.026456, 0.023229)
(-0.005972, 0.027292, 0.023370)
(-0.005972, 0.027292, 0.026685)
(-0.006385, 0.025974, 0.023037)
(-0.008433, 0.028438, 0.023229)
(-0.006451, 0.026456, 0.023229)
(-0.008915, 0.028504, 0.023038)
(-0.006596, 0.025852, 0.022885)
(-0.009036, 0.028293, 0.022885)
(-0.006596, 0.025852, 0.019065)
(-0.009036, 0.028293, 0.019065)
(-0.009036, 0.028293, 0.022885)
(-0.006596, 0.025852, 0.022885)
(-0.006385, 0.025974, 0.023037)
(-0.006451, 0.026456, 0.023229)
(-0.006451, 0.026457, 0.027172)
(-0.006388, 0.025972, 0.027336)
(-0.012822, 0.015422, 0.023229)
(-0.012371, 0.015606, 0.023038)
(-0.012371, 0.015609, 0.027336)
(-0.012822, 0.015422, 0.027172)
(-0.016310, 0.016598, 0.023229)
(-0.015827, 0.016532, 0.023038)
(-0.015826, 0.016535, 0.027336)
(-0.016310, 0.016598, 0.027172)
(-0.018742, 0.019360, 0.023229)
(-0.018357, 0.019062, 0.023038)
(-0.018354, 0.019064, 0.027336)
(-0.018742, 0.019360, 0.027172)
(-0.018291, 0.018579, 0.023229)
(-0.016310, 0.016598, 0.023229)
(-0.017165, 0.016138, 0.023370)
(-0.018770, 0.017743, 0.023370)
(-0.016310, 0.016598, 0.023229)
(-0.016310, 0.016598, 0.027172)
(-0.017165, 0.016138, 0.026685)
(-0.017165, 0.016138, 0.023370)
(-0.016310, 0.016598, 0.027172)
(-0.018770, 0.017743, 0.026685)
(-0.017165, 0.016138, 0.026685)
(-0.018291, 0.018579, 0.027172)
(-0.015826, 0.016535, 0.027336)
(-0.018354, 0.019064, 0.027336)
(-0.014955, 0.018042, 0.028259)
(-0.016847, 0.019934, 0.028259)
(-0.018770, 0.017743, 0.023370)
(-0.017165, 0.016138, 0.023370)
(-0.017165, 0.016138, 0.026685)
(-0.018770, 0.017743, 0.026685)
(-0.015826, 0.016535, 0.027336)
(-0.012371, 0.017349, 0.028259)
(-0.014955, 0.018042, 0.028259)
(-0.012371, 0.015609, 0.027336)
(-0.015529, 0.016147, 0.027172)
(-0.012822, 0.015422, 0.027172)
(-0.015526, 0.015183, 0.026685)
(-0.013333, 0.014596, 0.026685)
(-0.015827, 0.016532, 0.023038)
(-0.012822, 0.015422, 0.023229)
(-0.015529, 0.016147, 0.023229)
(-0.012371, 0.015606, 0.023038)
(-0.015705, 0.016742, 0.022885)
(-0.012371, 0.015849, 0.022885)
(-0.015529, 0.016147, 0.027172)
(-0.015529, 0.016147, 0.023229)
(-0.015526, 0.015183, 0.023370)
(-0.015526, 0.015183, 0.026685)
(-0.015705, 0.016742, 0.019065)
(-0.012371, 0.015849, 0.019065)
(-0.012371, 0.015849, 0.022885)
(-0.015705, 0.016742, 0.022885)
(-0.015827, 0.016532, 0.023038)
(-0.015529, 0.016147, 0.023229)
(-0.015529, 0.016147, 0.027172)
(-0.015826, 0.016535, 0.027336)
(-0.019468, 0.022067, 0.027172)
(-0.019468, 0.022067, 0.023229)
(-0.020300, 0.021582, 0.023370)
(-0.020300, 0.021582, 0.026685)
(-0.018742, 0.019360, 0.027172)
(-0.020300, 0.021582, 0.026685)
(-0.019713, 0.019390, 0.026685)
(-0.019468, 0.022067, 0.027172)
(-0.018354, 0.019064, 0.027336)
(-0.019280, 0.022518, 0.027336)
(-0.016847, 0.019934, 0.028259)
(-0.017539, 0.022518, 0.028259)
(-0.018742, 0.019360, 0.023229)
(-0.018742, 0.019360, 0.027172)
(-0.019713, 0.019390, 0.026685)
(-0.019713, 0.019390, 0.023370)
(-0.020300, 0.021582, 0.023370)
(-0.019713, 0.019390, 0.023370)
(-0.019713, 0.019390, 0.026685)
(-0.020300, 0.021582, 0.026685)
(-0.015529, 0.016147, 0.023229)
(-0.012822, 0.015422, 0.023229)
(-0.013334, 0.014596, 0.023370)
(-0.015526, 0.015183, 0.023370)
(-0.012822, 0.015422, 0.023229)
(-0.012822, 0.015422, 0.027172)
(-0.013333, 0.014596, 0.026685)
(-0.013334, 0.014596, 0.023370)
(-0.015526, 0.015183, 0.023370)
(-0.013334, 0.014596, 0.023370)
(-0.013333, 0.014596, 0.026685)
(-0.015526, 0.015183, 0.026685)
(-0.019468, 0.022067, 0.023229)
(-0.018742, 0.019360, 0.023229)
(-0.019713, 0.019390, 0.023370)
(-0.020300, 0.021582, 0.023370)
(-0.019283, 0.022518, 0.023038)
(-0.018742, 0.019360, 0.023229)
(-0.019468, 0.022067, 0.023229)
(-0.018357, 0.019062, 0.023038)
(-0.019040, 0.022518, 0.022885)
(-0.018147, 0.019183, 0.022885)
(-0.019040, 0.022518, 0.019065)
(-0.018147, 0.019183, 0.019065)
(-0.018147, 0.019183, 0.022885)
(-0.019040, 0.022518, 0.022885)
(-0.019283, 0.022518, 0.023038)
(-0.019468, 0.022067, 0.023229)
(-0.019468, 0.022067, 0.027172)
(-0.019280, 0.022518, 0.027336)
(-0.018291, 0.018579, 0.027172)
(-0.018291, 0.018579, 0.023229)
(-0.018770, 0.017743, 0.023370)
(-0.018770, 0.017743, 0.026685)
(-0.018357, 0.019062, 0.023038)
(-0.016310, 0.016598, 0.023229)
(-0.018291, 0.018579, 0.023229)
(-0.015827, 0.016532, 0.023038)
(-0.018147, 0.019183, 0.022885)
(-0.015705, 0.016742, 0.022885)
(-0.018147, 0.019183, 0.019065)
(-0.015705, 0.016742, 0.019065)
(-0.015705, 0.016742, 0.022885)
(-0.018147, 0.019183, 0.022885)
(-0.018357, 0.019062, 0.023038)
(-0.018291, 0.018579, 0.023229)
(-0.018291, 0.018579, 0.027172)
(-0.018354, 0.019064, 0.027336)
(-0.012822, 0.029614, 0.023229)
(-0.012822, 0.029614, 0.027172)
(-0.012371, 0.029426, 0.027336)
(-0.012371, 0.029430, 0.023038)
(-0.016310, 0.028438, 0.023229)
(-0.016310, 0.028438, 0.027172)
(-0.015825, 0.028501, 0.027336)
(-0.015827, 0.028504, 0.023038)
(-0.018742, 0.025675, 0.023229)
(-0.018742, 0.025675, 0.027172)
(-0.018354, 0.025972, 0.027336)
(-0.018357, 0.025974, 0.023038)
(-0.018291, 0.026456, 0.023229)
(-0.018770, 0.027292, 0.023370)
(-0.017165, 0.028897, 0.023370)
(-0.016310, 0.028438, 0.023229)
(-0.016310, 0.028438, 0.023229)
(-0.017165, 0.028897, 0.023370)
(-0.017165, 0.028897, 0.026685)
(-0.016310, 0.028438, 0.027172)
(-0.016310, 0.028438, 0.027172)
(-0.017165, 0.028897, 0.026685)
(-0.018770, 0.027292, 0.026685)
(-0.018291, 0.026456, 0.027172)
(-0.015825, 0.028501, 0.027336)
(-0.018354, 0.025972, 0.027336)
(-0.014956, 0.026994, 0.028259)
(-0.016847, 0.025102, 0.028259)
(-0.018770, 0.027292, 0.023370)
(-0.018770, 0.027292, 0.026685)
(-0.017165, 0.028897, 0.026685)
(-0.017165, 0.028897, 0.023370)
(-0.015825, 0.028501, 0.027336)
(-0.014956, 0.026994, 0.028259)
(-0.012371, 0.027686, 0.028259)
(-0.012371, 0.029426, 0.027336)
(-0.015529, 0.028889, 0.027172)
(-0.012822, 0.029614, 0.027172)
(-0.015526, 0.029852, 0.026685)
(-0.013334, 0.030440, 0.026685)
(-0.015827, 0.028504, 0.023038)
(-0.015529, 0.028889, 0.023229)
(-0.012822, 0.029614, 0.023229)
(-0.012371, 0.029430, 0.023038)
(-0.015705, 0.028293, 0.022885)
(-0.012371, 0.029187, 0.022885)
(-0.015529, 0.028889, 0.027172)
(-0.015526, 0.029852, 0.026685)
(-0.015526, 0.029852, 0.023370)
(-0.015529, 0.028889, 0.023229)
(-0.015705, 0.028293, 0.019065)
(-0.015705, 0.028293, 0.022885)
(-0.012371, 0.029187, 0.022885)
(-0.012371, 0.029187, 0.019065)
(-0.015827, 0.028504, 0.023038)
(-0.015825, 0.028501, 0.027336)
(-0.015529, 0.028889, 0.027172)
(-0.015529, 0.028889, 0.023229)
(-0.019468, 0.022969, 0.027172)
(-0.020300, 0.023453, 0.026685)
(-0.020300, 0.023453, 0.023370)
(-0.019468, 0.022969, 0.023229)
(-0.018742, 0.025675, 0.027172)
(-0.019713, 0.025645, 0.026685)
(-0.020300, 0.023453, 0.026685)
(-0.019468, 0.022969, 0.027172)
(-0.018354, 0.025972, 0.027336)
(-0.019280, 0.022518, 0.027336)
(-0.016847, 0.025102, 0.028259)
(-0.017539, 0.022518, 0.028259)
(-0.018742, 0.025675, 0.023229)
(-0.019713, 0.025645, 0.023370)
(-0.019713, 0.025645, 0.026685)
(-0.018742, 0.025675, 0.027172)
(-0.020300, 0.023453, 0.023370)
(-0.020300, 0.023453, 0.026685)
(-0.019713, 0.025645, 0.026685)
(-0.019713, 0.025645, 0.023370)
(-0.015529, 0.028889, 0.023229)
(-0.015526, 0.029852, 0.023370)
(-0.013334, 0.030440, 0.023370)
(-0.012822, 0.029614, 0.023229)
(-0.012822, 0.029614, 0.023229)
(-0.013334, 0.030440, 0.023370)
(-0.013334, 0.030440, 0.026685)
(-0.012822, 0.029614, 0.027172)
(-0.015526, 0.029852, 0.023370)
(-0.015526, 0.029852, 0.026685)
(-0.013334, 0.030440, 0.026685)
(-0.013334, 0.030440, 0.023370)
(-0.019468, 0.022969, 0.023229)
(-0.020300, 0.023453, 0.023370)
(-0.019713, 0.025645, 0.023370)
(-0.018742, 0.025675, 0.023229)
(-0.019283, 0.022518, 0.023038)
(-0.019468, 0.022969, 0.023229)
(-0.018742, 0.025675, 0.023229)
(-0.018357, 0.025974, 0.023038)
(-0.019040, 0.022518, 0.022885)
(-0.018147, 0.025852, 0.022885)
(-0.019040, 0.022518, 0.019065)
(-0.019040, 0.022518, 0.022885)
(-0.018147, 0.025852, 0.022885)
(-0.018147, 0.025852, 0.019065)
(-0.019283, 0.022518, 0.023038)
(-0.019280, 0.022518, 0.027336)
(-0.019468, 0.022969, 0.027172)
(-0.019468, 0.022969, 0.023229)
(-0.018291, 0.026456, 0.027172)
(-0.018770, 0.027292, 0.026685)
(-0.018770, 0.027292, 0.023370)
(-0.018291, 0.026456, 0.023229)
(-0.018357, 0.025974, 0.023038)
(-0.018291, 0.026456, 0.023229)
(-0.016310, 0.028438, 0.023229)
(-0.015827, 0.028504, 0.023038)
(-0.018147, 0.025852, 0.022885)
(-0.015705, 0.028293, 0.022885)
(-0.018147, 0.025852, 0.019065)
(-0.018147, 0.025852, 0.022885)
(-0.015705, 0.028293, 0.022885)
(-0.015705, 0.028293, 0.019065)
(-0.018357, 0.025974, 0.023038)
(-0.018354, 0.025972, 0.027336)
(-0.018291, 0.026456, 0.027172)
(-0.018291, 0.026456, 0.023229)
(-0.014955, 0.018042, 0.028259)
(-0.012371, 0.017349, 0.028259)
(-0.009787, 0.018042, 0.028259)
(-0.016847, 0.019934, 0.028259)
(-0.007895, 0.019934, 0.028259)
(-0.017539, 0.022518, 0.028259)
(-0.007202, 0.022518, 0.028259)
(-0.016847, 0.025102, 0.028259)
(-0.007895, 0.025102, 0.028259)
(-0.014956, 0.026994, 0.028259)
(-0.009787, 0.026994, 0.028259)
(-0.012371, 0.027686, 0.028259)
(-0.013756, 0.048255, 0.007630)
(-0.013756, 0.052494, 0.007630)
(-0.014241, 0.052671, 0.007428)
(-0.014241, 0.048049, 0.007432)
(-0.010006, 0.048255, 0.006365)
(-0.010006, 0.052494, 0.006365)
(-0.010527, 0.052671, 0.006433)
(-0.010525, 0.048049, 0.006436)
(-0.007391, 0.048255, 0.003395)
(-0.007391, 0.052494, 0.003395)
(-0.007808, 0.052671, 0.003714)
(-0.007805, 0.048049, 0.003716)
(-0.007876, 0.048255, 0.004235)
(-0.007361, 0.048407, 0.005134)
(-0.009086, 0.048407, 0.006859)
(-0.010006, 0.048255, 0.006365)
(-0.010006, 0.048255, 0.006365)
(-0.009086, 0.048407, 0.006859)
(-0.009086, 0.051971, 0.006859)
(-0.010006, 0.052494, 0.006365)
(-0.010006, 0.052494, 0.006365)
(-0.009086, 0.051971, 0.006859)
(-0.007361, 0.051971, 0.005134)
(-0.007876, 0.052494, 0.004235)
(-0.010527, 0.052671, 0.006433)
(-0.007808, 0.052671, 0.003714)
(-0.011462, 0.053663, 0.004813)
(-0.009428, 0.053663, 0.002779)
(-0.007361, 0.048407, 0.005134)
(-0.007361, 0.051971, 0.005134)
(-0.009086, 0.051971, 0.006859)
(-0.009086, 0.048407, 0.006859)
(-0.010527, 0.052671, 0.006433)
(-0.011462, 0.053663, 0.004813)
(-0.014241, 0.053663, 0.005557)
(-0.014241, 0.052671, 0.007428)
(-0.010846, 0.052494, 0.006850)
(-0.013756, 0.052494, 0.007630)
(-0.010849, 0.051971, 0.007886)
(-0.013207, 0.051971, 0.008518)
(-0.010525, 0.048049, 0.006436)
(-0.010846, 0.048255, 0.006850)
(-0.013756, 0.048255, 0.007630)
(-0.014241, 0.048049, 0.007432)
(-0.010656, 0.047885, 0.006210)
(-0.014241, 0.047885, 0.007171)
(-0.010846, 0.052494, 0.006850)
(-0.010849, 0.051971, 0.007886)
(-0.010849, 0.048407, 0.007886)
(-0.010846, 0.048255, 0.006850)
(-0.010656, 0.043778, 0.006210)
(-0.010656, 0.047885, 0.006210)
(-0.014241, 0.047885, 0.007171)
(-0.014241, 0.043778, 0.007171)
(-0.010525, 0.048049, 0.006436)
(-0.010527, 0.052671, 0.006433)
(-0.010846, 0.052494, 0.006850)
(-0.010846, 0.048255, 0.006850)
(-0.006611, 0.052494, 0.000485)
(-0.005715, 0.051971, 0.001006)
(-0.005715, 0.048407, 0.001006)
(-0.006611, 0.048255, 0.000485)
(-0.007391, 0.052494, 0.003395)
(-0.006347, 0.051971, 0.003363)
(-0.005715, 0.051971, 0.001006)
(-0.006611, 0.052494, 0.000485)
(-0.007808, 0.052671, 0.003714)
(-0.006813, 0.052671, 0.000000)
(-0.009428, 0.053663, 0.002779)
(-0.008684, 0.053663, 0.000000)
(-0.007391, 0.048255, 0.003395)
(-0.006347, 0.048407, 0.003363)
(-0.006347, 0.051971, 0.003363)
(-0.007391, 0.052494, 0.003395)
(-0.005715, 0.048407, 0.001006)
(-0.005715, 0.051971, 0.001006)
(-0.006347, 0.051971, 0.003363)
(-0.006347, 0.048407, 0.003363)
(-0.010846, 0.048255, 0.006850)
(-0.010849, 0.048407, 0.007886)
(-0.013207, 0.048407, 0.008518)
(-0.013756, 0.048255, 0.007630)
(-0.013756, 0.048255, 0.007630)
(-0.013207, 0.048407, 0.008518)
(-0.013207, 0.051971, 0.008518)
(-0.013756, 0.052494, 0.007630)
(-0.010849, 0.048407, 0.007886)
(-0.010849, 0.051971, 0.007886)
(-0.013207, 0.051971, 0.008518)
(-0.013207, 0.048407, 0.008518)
(-0.006611, 0.048255, 0.000485)
(-0.005715, 0.048407, 0.001006)
(-0.006347, 0.048407, 0.003363)
(-0.007391, 0.048255, 0.003395)
(-0.006809, 0.048049, 0.000000)
(-0.006611, 0.048255, 0.000485)
(-0.007391, 0.048255, 0.003395)
(-0.007805, 0.048049, 0.003716)
(-0.007071, 0.047885, 0.000000)
(-0.008031, 0.047885, 0.003585)
(-0.007071, 0.043778, 0.000000)
(-0.007071, 0.047885, 0.000000)
(-0.008031, 0.047885, 0.003585)
(-0.008031, 0.043778, 0.003585)
(-0.006809, 0.048049, 0.000000)
(-0.006813, 0.052671, 0.000000)
(-0.006611, 0.052494, 0.000485)
(-0.006611, 0.048255, 0.000485)
(-0.007876, 0.052494, 0.004235)
(-0.007361, 0.051971, 0.005134)
(-0.007361, 0.048407, 0.005134)
(-0.007876, 0.048255, 0.004235)
(-0.007805, 0.048049, 0.003716)
(-0.007876, 0.048255, 0.004235)
(-0.010006, 0.048255, 0.006365)
(-0.010525, 0.048049, 0.006436)
(-0.008031, 0.047885, 0.003585)
(-0.010656, 0.047885, 0.006210)
(-0.008031, 0.043778, 0.003585)
(-0.008031, 0.047885, 0.003585)
(-0.010656, 0.047885, 0.006210)
(-0.010656, 0.043778, 0.006210)
(-0.007805, 0.048049, 0.003716)
(-0.007808, 0.052671, 0.003714)
(-0.007876, 0.052494, 0.004235)
(-0.007876, 0.048255, 0.004235)
(-0.013756, 0.048255, -0.007630)
(-0.014241, 0.048049, -0.007432)
(-0.014241, 0.052671, -0.007428)
(-0.013756, 0.052494, -0.007630)
(-0.010006, 0.048255, -0.006365)
(-0.010525, 0.048049, -0.006436)
(-0.010527, 0.052671, -0.006433)
(-0.010006, 0.052494, -0.006365)
(-0.007391, 0.048255, -0.003395)
(-0.007805, 0.048049, -0.003716)
(-0.007808, 0.052671, -0.003714)
(-0.007391, 0.052495, -0.003395)
(-0.007876, 0.048255, -0.004235)
(-0.010006, 0.048255, -0.006365)
(-0.009086, 0.048407, -0.006859)
(-0.007361, 0.048407, -0.005134)
(-0.010006, 0.048255, -0.006365)
(-0.010006, 0.052494, -0.006365)
(-0.009086, 0.051971, -0.006859)
(-0.009086, 0.048407, -0.006859)
(-0.010006, 0.052494, -0.006365)
(-0.007361, 0.051971, -0.005134)
(-0.009086, 0.051971, -0.006859)
(-0.007876, 0.052495, -0.004235)
(-0.010527, 0.052671, -0.006433)
(-0.007808, 0.052671, -0.003714)
(-0.011462, 0.053664, -0.004812)
(-0.009428, 0.053663, -0.002778)
(-0.007361, 0.048407, -0.005134)
(-0.009086, 0.048407, -0.006859)
(-0.009086, 0.051971, -0.006859)
(-0.007361, 0.051971, -0.005134)
(-0.010527, 0.052671, -0.006433)
(-0.014241, 0.053663, -0.005557)
(-0.011462, 0.053664, -0.004812)
(-0.014241, 0.052671, -0.007428)
(-0.010846, 0.052495, -0.006850)
(-0.013756, 0.052494, -0.007630)
(-0.010849, 0.051971, -0.007886)
(-0.013207, 0.051971, -0.008518)
(-0.010525, 0.048049, -0.006436)
(-0.013756, 0.048255, -0.007630)
(-0.010846, 0.048255, -0.006850)
(-0.014241, 0.048049, -0.007432)
(-0.010656, 0.047885, -0.006210)
(-0.014241, 0.047885, -0.007170)
(-0.010846, 0.052495, -0.006850)
(-0.010846, 0.048255, -0.006850)
(-0.010849, 0.048407, -0.007886)
(-0.010849, 0.051971, -0.007886)
(-0.010656, 0.043778, -0.006210)
(-0.014241, 0.043778, -0.007170)
(-0.014241, 0.047885, -0.007170)
(-0.010656, 0.047885, -0.006210)
(-0.010525, 0.048049, -0.006436)
(-0.010846, 0.048255, -0.006850)
(-0.010846, 0.052495, -0.006850)
(-0.010527, 0.052671, -0.006433)
(-0.006611, 0.052494, -0.000485)
(-0.006611, 0.048255, -0.000485)
(-0.005715, 0.048407, -0.001006)
(-0.005716, 0.051971, -0.001006)
(-0.007391, 0.052495, -0.003395)
(-0.005716, 0.051971, -0.001006)
(-0.006347, 0.051971, -0.003363)
(-0.006611, 0.052494, -0.000485)
(-0.007808, 0.052671, -0.003714)
(-0.006813, 0.052671, 0.000000)
(-0.009428, 0.053663, -0.002778)
(-0.008684, 0.053663, 0.000000)
(-0.007391, 0.048255, -0.003395)
(-0.007391, 0.052495, -0.003395)
(-0.006347, 0.051971, -0.003363)
(-0.006347, 0.048407, -0.003363)
(-0.005715, 0.048407, -0.001006)
(-0.006347, 0.048407, -0.003363)
(-0.006347, 0.051971, -0.003363)
(-0.005716, 0.051971, -0.001006)
(-0.010846, 0.048255, -0.006850)
(-0.013756, 0.048255, -0.007630)
(-0.013207, 0.048407, -0.008518)
(-0.010849, 0.048407, -0.007886)
(-0.013756, 0.048255, -0.007630)
(-0.013756, 0.052494, -0.007630)
(-0.013207, 0.051971, -0.008518)
(-0.013207, 0.048407, -0.008518)
(-0.010849, 0.048407, -0.007886)
(-0.013207, 0.048407, -0.008518)
(-0.013207, 0.051971, -0.008518)
(-0.010849, 0.051971, -0.007886)
(-0.006611, 0.048255, -0.000485)
(-0.007391, 0.048255, -0.003395)
(-0.006347, 0.048407, -0.003363)
(-0.005715, 0.048407, -0.001006)
(-0.006809, 0.048049, 0.000000)
(-0.007391, 0.048255, -0.003395)
(-0.006611, 0.048255, -0.000485)
(-0.007805, 0.048049, -0.003716)
(-0.007071, 0.047885, 0.000000)
(-0.008031, 0.047885, -0.003585)
(-0.007071, 0.043778, 0.000000)
(-0.008031, 0.043778, -0.003585)
(-0.008031, 0.047885, -0.003585)
(-0.007071, 0.047885, 0.000000)
(-0.006809, 0.048049, 0.000000)
(-0.006611, 0.048255, -0.000485)
(-0.006611, 0.052494, -0.000485)
(-0.006813, 0.052671, 0.000000)
(-0.007876, 0.052495, -0.004235)
(-0.007876, 0.048255, -0.004235)
(-0.007361, 0.048407, -0.005134)
(-0.007361, 0.051971, -0.005134)
(-0.007805, 0.048049, -0.003716)
(-0.010006, 0.048255, -0.006365)
(-0.007876, 0.048255, -0.004235)
(-0.010525, 0.048049, -0.006436)
(-0.008031, 0.047885, -0.003585)
(-0.010656, 0.047885, -0.006210)
(-0.008031, 0.043778, -0.003585)
(-0.010656, 0.043778, -0.006210)
(-0.010656, 0.047885, -0.006210)
(-0.008031, 0.047885, -0.003585)
(-0.007805, 0.048049, -0.003716)
(-0.007876, 0.048255, -0.004235)
(-0.007876, 0.052495, -0.004235)
(-0.007808, 0.052671, -0.003714)
(-0.014726, 0.048255, 0.007630)
(-0.014241, 0.048049, 0.007432)
(-0.014241, 0.052671, 0.007428)
(-0.014726, 0.052494, 0.007630)
(-0.018476, 0.048255, 0.006365)
(-0.017957, 0.048049, 0.006436)
(-0.017955, 0.052671, 0.006433)
(-0.018476, 0.052494, 0.006365)
(-0.021092, 0.048255, 0.003395)
(-0.020677, 0.048049, 0.003716)
(-0.020674, 0.052670, 0.003714)
(-0.021092, 0.052494, 0.003395)
(-0.020606, 0.048255, 0.004235)
(-0.018476, 0.048255, 0.006365)
(-0.019396, 0.048407, 0.006859)
(-0.021122, 0.048407, 0.005134)
(-0.018476, 0.048255, 0.006365)
(-0.018476, 0.052494, 0.006365)
(-0.019396, 0.051971, 0.006859)
(-0.019396, 0.048407, 0.006859)
(-0.018476, 0.052494, 0.006365)
(-0.021122, 0.051971, 0.005134)
(-0.019396, 0.051971, 0.006859)
(-0.020606, 0.052495, 0.004235)
(-0.017955, 0.052671, 0.006433)
(-0.020674, 0.052670, 0.003714)
(-0.017019, 0.053663, 0.004813)
(-0.019054, 0.053663, 0.002779)
(-0.021122, 0.048407, 0.005134)
(-0.019396, 0.048407, 0.006859)
(-0.019396, 0.051971, 0.006859)
(-0.021122, 0.051971, 0.005134)
(-0.017955, 0.052671, 0.006433)
(-0.014241, 0.053663, 0.005557)
(-0.017019, 0.053663, 0.004813)
(-0.014241, 0.052671, 0.007428)
(-0.017637, 0.052494, 0.006850)
(-0.014726, 0.052494, 0.007630)
(-0.017633, 0.051971, 0.007886)
(-0.015276, 0.051971, 0.008518)
(-0.017957, 0.048049, 0.006436)
(-0.014726, 0.048255, 0.007630)
(-0.017636, 0.048255, 0.006850)
(-0.014241, 0.048049, 0.007432)
(-0.017826, 0.047885, 0.006210)
(-0.014241, 0.047885, 0.007171)
(-0.017637, 0.052494, 0.006850)
(-0.017636, 0.048255, 0.006850)
(-0.017633, 0.048407, 0.007886)
(-0.017633, 0.051971, 0.007886)
(-0.017826, 0.043778, 0.006210)
(-0.014241, 0.043778, 0.007171)
(-0.014241, 0.047885, 0.007171)
(-0.017826, 0.047885, 0.006210)
(-0.017957, 0.048049, 0.006436)
(-0.017636, 0.048255, 0.006850)
(-0.017637, 0.052494, 0.006850)
(-0.017955, 0.052671, 0.006433)
(-0.021871, 0.052494, 0.000485)
(-0.021871, 0.048255, 0.000485)
(-0.022766, 0.048407, 0.001006)
(-0.022766, 0.051971, 0.001006)
(-0.021092, 0.052494, 0.003395)
(-0.022766, 0.051971, 0.001006)
(-0.022135, 0.051971, 0.003363)
(-0.021871, 0.052494, 0.000485)
(-0.020674, 0.052670, 0.003714)
(-0.021670, 0.052670, 0.000000)
(-0.019054, 0.053663, 0.002779)
(-0.019799, 0.053663, 0.000000)
(-0.021092, 0.048255, 0.003395)
(-0.021092, 0.052494, 0.003395)
(-0.022135, 0.051971, 0.003363)
(-0.022135, 0.048407, 0.003363)
(-0.022766, 0.048407, 0.001006)
(-0.022135, 0.048407, 0.003363)
(-0.022135, 0.051971, 0.003363)
(-0.022766, 0.051971, 0.001006)
(-0.017636, 0.048255, 0.006850)
(-0.014726, 0.048255, 0.007630)
(-0.015276, 0.048407, 0.008518)
(-0.017633, 0.048407, 0.007886)
(-0.014726, 0.048255, 0.007630)
(-0.014726, 0.052494, 0.007630)
(-0.015276, 0.051971, 0.008518)
(-0.015276, 0.048407, 0.008518)
(-0.017633, 0.048407, 0.007886)
(-0.015276, 0.048407, 0.008518)
(-0.015276, 0.051971, 0.008518)
(-0.017633, 0.051971, 0.007886)
(-0.021871, 0.048255, 0.000485)
(-0.021092, 0.048255, 0.003395)
(-0.022135, 0.048407, 0.003363)
(-0.022766, 0.048407, 0.001006)
(-0.021672, 0.048049, 0.000000)
(-0.021092, 0.048255, 0.003395)
(-0.021871, 0.048255, 0.000485)
(-0.020677, 0.048049, 0.003716)
(-0.021412, 0.047885, 0.000000)
(-0.020451, 0.047885, 0.003585)
(-0.021412, 0.043778, 0.000000)
(-0.020451, 0.043778, 0.003585)
(-0.020451, 0.047885, 0.003585)
(-0.021412, 0.047885, 0.000000)
(-0.021672, 0.048049, 0.000000)
(-0.021871, 0.048255, 0.000485)
(-0.021871, 0.052494, 0.000485)
(-0.021670, 0.052670, 0.000000)
(-0.020606, 0.052495, 0.004235)
(-0.020606, 0.048255, 0.004235)
(-0.021122, 0.048407, 0.005134)
(-0.021122, 0.051971, 0.005134)
(-0.020677, 0.048049, 0.003716)
(-0.018476, 0.048255, 0.006365)
(-0.020606, 0.048255, 0.004235)
(-0.017957, 0.048049, 0.006436)
(-0.020451, 0.047885, 0.003585)
(-0.017826, 0.047885, 0.006210)
(-0.020451, 0.043778, 0.003585)
(-0.017826, 0.043778, 0.006210)
(-0.017826, 0.047885, 0.006210)
(-0.020451, 0.047885, 0.003585)
(-0.020677, 0.048049, 0.003716)
(-0.020606, 0.048255, 0.004235)
(-0.020606, 0.052495, 0.004235)
(-0.020674, 0.052670, 0.003714)
(-0.014726, 0.048255, -0.007630)
(-0.014726, 0.052494, -0.007630)
(-0.014241, 0.052671, -0.007428)
(-0.014241, 0.048049, -0.007432)
(-0.018476, 0.048255, -0.006365)
(-0.018476, 0.052494, -0.006365)
(-0.017955, 0.052671, -0.006433)
(-0.017957, 0.048049, -0.006436)
(-0.021092, 0.048255, -0.003395)
(-0.021092, 0.052494, -0.003395)
(-0.020674, 0.052671, -0.003714)
(-0.020677, 0.048049, -0.003716)
(-0.020606, 0.048255, -0.004235)
(-0.021122, 0.048407, -0.005134)
(-0.019396, 0.048407, -0.006859)
(-0.018476, 0.048255, -0.006365)
(-0.018476, 0.048255, -0.006365)
(-0.019396, 0.048407, -0.006859)
(-0.019396, 0.051971, -0.006859)
(-0.018476, 0.052494, -0.006365)
(-0.018476, 0.052494, -0.006365)
(-0.019396, 0.051971, -0.006859)
(-0.021122, 0.051971, -0.005134)
(-0.020606, 0.052494, -0.004235)
(-0.017955, 0.052671, -0.006433)
(-0.020674, 0.052671, -0.003714)
(-0.017019, 0.053663, -0.004812)
(-0.019054, 0.053663, -0.002778)
(-0.021122, 0.048407, -0.005134)
(-0.021122, 0.051971, -0.005134)
(-0.019396, 0.051971, -0.006859)
(-0.019396, 0.048407, -0.006859)
(-0.017955, 0.052671, -0.006433)
(-0.017019, 0.053663, -0.004812)
(-0.014241, 0.053663, -0.005557)
(-0.014241, 0.052671, -0.007428)
(-0.017636, 0.052494, -0.006850)
(-0.014726, 0.052494, -0.007630)
(-0.017633, 0.051971, -0.007886)
(-0.015276, 0.051971, -0.008518)
(-0.017957, 0.048049, -0.006436)
(-0.017636, 0.048255, -0.006850)
(-0.014726, 0.048255, -0.007630)
(-0.014241, 0.048049, -0.007432)
(-0.017826, 0.047885, -0.006210)
(-0.014241, 0.047885, -0.007170)
(-0.017636, 0.052494, -0.006850)
(-0.017633, 0.051971, -0.007886)
(-0.017633, 0.048407, -0.007886)
(-0.017636, 0.048255, -0.006850)
(-0.017826, 0.043778, -0.006210)
(-0.017826, 0.047885, -0.006210)
(-0.014241, 0.047885, -0.007170)
(-0.014241, 0.043778, -0.007170)
(-0.017957, 0.048049, -0.006436)
(-0.017955, 0.052671, -0.006433)
(-0.017636, 0.052494, -0.006850)
(-0.017636, 0.048255, -0.006850)
(-0.021871, 0.052494, -0.000485)
(-0.022767, 0.051971, -0.001006)
(-0.022766, 0.048407, -0.001006)
(-0.021871, 0.048255, -0.000485)
(-0.021092, 0.052494, -0.003395)
(-0.022135, 0.051971, -0.003363)
(-0.022767, 0.051971, -0.001006)
(-0.021871, 0.052494, -0.000485)
(-0.020674, 0.052671, -0.003714)
(-0.021670, 0.052670, 0.000000)
(-0.019054, 0.053663, -0.002778)
(-0.019799, 0.053663, 0.000000)
(-0.021092, 0.048255, -0.003395)
(-0.022135, 0.048407, -0.003363)
(-0.022135, 0.051971, -0.003363)
(-0.021092, 0.052494, -0.003395)
(-0.022766, 0.048407, -0.001006)
(-0.022767, 0.051971, -0.001006)
(-0.022135, 0.051971, -0.003363)
(-0.022135, 0.048407, -0.003363)
(-0.017636, 0.048255, -0.006850)
(-0.017633, 0.048407, -0.007886)
(-0.015276, 0.048407, -0.008518)
(-0.014726, 0.048255, -0.007630)
(-0.014726, 0.048255, -0.007630)
(-0.015276, 0.048407, -0.008518)
(-0.015276, 0.051971, -0.008518)
(-0.014726, 0.052494, -0.007630)
(-0.017633, 0.048407, -0.007886)
(-0.017633, 0.051971, -0.007886)
(-0.015276, 0.051971, -0.008518)
(-0.015276, 0.048407, -0.008518)
(-0.021871, 0.048255, -0.000485)
(-0.022766, 0.048407, -0.001006)
(-0.022135, 0.048407, -0.003363)
(-0.021092, 0.048255, -0.003395)
(-0.021672, 0.048049, 0.000000)
(-0.021871, 0.048255, -0.000485)
(-0.021092, 0.048255, -0.003395)
(-0.020677, 0.048049, -0.003716)
(-0.021412, 0.047885, 0.000000)
(-0.020451, 0.047885, -0.003585)
(-0.021412, 0.043778, 0.000000)
(-0.021412, 0.047885, 0.000000)
(-0.020451, 0.047885, -0.003585)
(-0.020451, 0.043778, -0.003585)
(-0.021672, 0.048049, 0.000000)
(-0.021670, 0.052670, 0.000000)
(-0.021871, 0.052494, -0.000485)
(-0.021871, 0.048255, -0.000485)
(-0.020606, 0.052494, -0.004235)
(-0.021122, 0.051971, -0.005134)
(-0.021122, 0.048407, -0.005134)
(-0.020606, 0.048255, -0.004235)
(-0.020677, 0.048049, -0.003716)
(-0.020606, 0.048255, -0.004235)
(-0.018476, 0.048255, -0.006365)
(-0.017957, 0.048049, -0.006436)
(-0.020451, 0.047885, -0.003585)
(-0.017826, 0.047885, -0.006210)
(-0.020451, 0.043778, -0.003585)
(-0.020451, 0.047885, -0.003585)
(-0.017826, 0.047885, -0.006210)
(-0.017826, 0.043778, -0.006210)
(-0.020677, 0.048049, -0.003716)
(-0.020674, 0.052671, -0.003714)
(-0.020606, 0.052494, -0.004235)
(-0.020606, 0.048255, -0.004235)
(-0.009428, 0.053663, 0.002779)
(-0.008684, 0.053663, 0.000000)
(-0.009428, 0.053663, -0.002778)
(-0.011462, 0.053663, 0.004813)
(-0.011462, 0.053664, -0.004812)
(-0.014241, 0.053663, 0.005557)
(-0.014241, 0.053663, -0.005557)
(-0.017019, 0.053663, 0.004813)
(-0.017019, 0.053663, -0.004812)
(-0.019054, 0.053663, 0.002779)
(-0.019054, 0.053663, -0.002778)
(-0.019799, 0.053663, 0.000000)
(0.023001, 0.048281, 0.000000)
(0.023532, 0.048584, -0.000834)
(0.023755, 0.048584, 0.000000)
(0.021315, 0.048281, -0.006291)
(0.022192, 0.048584, -0.005835)
(0.021968, 0.048584, -0.006668)
(0.024275, 0.049007, -0.001926)
(0.023381, 0.049007, -0.005260)
(0.011252, 0.048584, 0.013113)
(0.011252, 0.055144, 0.013113)
(0.010419, 0.055144, 0.013337)
(0.010419, 0.048584, 0.013337)
(0.010419, 0.048281, -0.012582)
(0.009584, 0.048584, -0.013113)
(0.010419, 0.048584, -0.013337)
(0.004127, 0.048281, -0.010896)
(0.004583, 0.048584, -0.011773)
(0.003750, 0.048584, -0.011550)
(0.008492, 0.049007, -0.013856)
(0.005158, 0.049007, -0.012963)
(0.004127, 0.048281, 0.010896)
(0.004583, 0.048584, 0.011773)
(0.003750, 0.048584, 0.011550)
(0.010419, 0.048281, 0.012582)
(0.009585, 0.048584, 0.013113)
(0.010419, 0.048584, 0.013337)
(0.005158, 0.049007, 0.012962)
(0.008492, 0.049007, 0.013856)
(0.021314, 0.048281, 0.006291)
(0.022192, 0.048584, 0.005835)
(0.021969, 0.048584, 0.006668)
(0.023001, 0.048281, 0.000000)
(0.023532, 0.048584, 0.000833)
(0.023755, 0.048584, 0.000000)
(0.023381, 0.049007, 0.005260)
(0.024275, 0.049007, 0.001926)
(0.016709, 0.048281, -0.010896)
(0.016253, 0.048584, -0.011773)
(0.017087, 0.048584, -0.011550)
(0.010419, 0.048281, -0.012582)
(0.011252, 0.048584, -0.013113)
(0.010419, 0.048584, -0.013337)
(0.015678, 0.049007, -0.012963)
(0.012344, 0.049006, -0.013856)
(-0.000478, 0.048281, 0.006291)
(-0.000521, 0.048584, 0.007279)
(-0.001131, 0.048584, 0.006668)
(0.004127, 0.048281, 0.010896)
(0.003140, 0.048584, 0.010940)
(0.003750, 0.048584, 0.011550)
(-0.000618, 0.049007, 0.008596)
(0.001822, 0.049007, 0.011037)
(-0.000478, 0.048281, -0.006291)
(-0.001355, 0.048584, -0.005835)
(-0.001131, 0.048584, -0.006668)
(-0.002163, 0.048281, 0.000000)
(-0.002695, 0.048584, -0.000834)
(-0.002918, 0.048584, 0.000000)
(-0.002545, 0.049007, -0.005260)
(-0.003437, 0.049007, -0.001926)
(0.016709, 0.048281, 0.010896)
(0.017697, 0.048584, 0.010940)
(0.017087, 0.048584, 0.011550)
(0.021314, 0.048281, 0.006291)
(0.021358, 0.048584, 0.007278)
(0.021969, 0.048584, 0.006668)
(0.019014, 0.049007, 0.011036)
(0.021455, 0.049007, 0.008596)
(0.021315, 0.048281, -0.006291)
(0.021358, 0.048584, -0.007279)
(0.021968, 0.048584, -0.006668)
(0.016709, 0.048281, -0.010896)
(0.017697, 0.048584, -0.010940)
(0.017087, 0.048584, -0.011550)
(0.021455, 0.049007, -0.008596)
(0.019014, 0.049007, -0.011037)
(-0.002163, 0.048281, 0.000000)
(-0.002695, 0.048584, 0.000834)
(-0.002918, 0.048584, 0.000000)
(-0.000478, 0.048281, 0.006291)
(-0.001354, 0.048584, 0.005835)
(-0.001131, 0.048584, 0.006668)
(-0.003437, 0.049007, 0.001926)
(-0.002545, 0.049007, 0.005260)
(0.004127, 0.048281, -0.010896)
(0.003139, 0.048584, -0.010940)
(0.003750, 0.048584, -0.011550)
(-0.000478, 0.048281, -0.006291)
(-0.000522, 0.048584, -0.007279)
(-0.001131, 0.048584, -0.006668)
(0.001822, 0.049007, -0.011037)
(-0.000618, 0.049007, -0.008596)
(0.010419, 0.048281, 0.012582)
(0.011252, 0.048584, 0.013113)
(0.010419, 0.048584, 0.013337)
(0.016709, 0.048281, 0.010896)
(0.016253, 0.048584, 0.011773)
(0.017087, 0.048584, 0.011550)
(0.012344, 0.049007, 0.013856)
(0.015678, 0.049007, 0.012962)
(0.003139, 0.055144, -0.010940)
(0.004150, 0.055565, -0.010857)
(0.003750, 0.055144, -0.011550)
(-0.000522, 0.055144, -0.007279)
(-0.000439, 0.055565, -0.006268)
(-0.001131, 0.055144, -0.006668)
(0.023532, 0.048584, -0.000834)
(0.023532, 0.055144, -0.000834)
(0.023755, 0.055144, 0.000000)
(0.023755, 0.048584, 0.000000)
(0.009584, 0.048584, -0.013113)
(0.009584, 0.055144, -0.013113)
(0.010418, 0.055144, -0.013337)
(0.010419, 0.048584, -0.013337)
(0.004583, 0.048584, 0.011773)
(0.004583, 0.055144, 0.011773)
(0.003750, 0.055144, 0.011550)
(0.003750, 0.048584, 0.011550)
(0.022192, 0.048584, 0.005835)
(0.022192, 0.055144, 0.005835)
(0.021969, 0.055144, 0.006668)
(0.021969, 0.048584, 0.006668)
(0.016253, 0.048584, -0.011773)
(0.016253, 0.055144, -0.011773)
(0.017087, 0.055144, -0.011550)
(0.017087, 0.048584, -0.011550)
(-0.000521, 0.048584, 0.007279)
(-0.000521, 0.055144, 0.007279)
(-0.001131, 0.055144, 0.006668)
(-0.001131, 0.048584, 0.006668)
(-0.001355, 0.048584, -0.005835)
(-0.001355, 0.055144, -0.005835)
(-0.001131, 0.055144, -0.006668)
(-0.001131, 0.048584, -0.006668)
(0.017697, 0.048584, 0.010940)
(0.017697, 0.055144, 0.010940)
(0.017087, 0.055144, 0.011550)
(0.017087, 0.048584, 0.011550)
(0.021358, 0.048584, -0.007279)
(0.021358, 0.055144, -0.007279)
(0.021968, 0.055144, -0.006668)
(0.021968, 0.048584, -0.006668)
(-0.002695, 0.048584, 0.000834)
(-0.002695, 0.055144, 0.000834)
(-0.002918, 0.055144, 0.000000)
(-0.002918, 0.048584, 0.000000)
(0.003139, 0.048584, -0.010940)
(0.003139, 0.055144, -0.010940)
(0.003750, 0.055144, -0.011550)
(0.003750, 0.048584, -0.011550)
(0.011252, 0.055144, 0.013113)
(0.010419, 0.055565, 0.012536)
(0.010419, 0.055144, 0.013337)
(0.016253, 0.055144, 0.011773)
(0.016686, 0.055565, 0.010857)
(0.017087, 0.055144, 0.011550)
(0.023532, 0.055144, -0.000834)
(0.022955, 0.055565, 0.000000)
(0.023755, 0.055144, 0.000000)
(0.022192, 0.055144, -0.005835)
(0.021275, 0.055565, -0.006268)
(0.021968, 0.055144, -0.006668)
(0.009584, 0.055144, -0.013113)
(0.010418, 0.055565, -0.012537)
(0.010418, 0.055144, -0.013337)
(0.004583, 0.055144, -0.011773)
(0.004150, 0.055565, -0.010857)
(0.003750, 0.055144, -0.011550)
(0.004583, 0.055144, 0.011773)
(0.004150, 0.055565, 0.010857)
(0.003750, 0.055144, 0.011550)
(0.009585, 0.055144, 0.013113)
(0.010419, 0.055565, 0.012536)
(0.010419, 0.055144, 0.013337)
(0.022192, 0.055144, 0.005835)
(0.021275, 0.055565, 0.006268)
(0.021969, 0.055144, 0.006668)
(0.023532, 0.055144, 0.000833)
(0.022955, 0.055565, 0.000000)
(0.023755, 0.055144, 0.000000)
(0.016253, 0.055144, -0.011773)
(0.016686, 0.055565, -0.010857)
(0.017087, 0.055144, -0.011550)
(0.011252, 0.055144, -0.013113)
(0.010418, 0.055565, -0.012537)
(0.010418, 0.055144, -0.013337)
(-0.000521, 0.055144, 0.007279)
(-0.000439, 0.055565, 0.006268)
(-0.001131, 0.055144, 0.006668)
(0.003140, 0.055144, 0.010940)
(0.004150, 0.055565, 0.010857)
(0.003750, 0.055144, 0.011550)
(-0.001355, 0.055144, -0.005835)
(-0.000439, 0.055565, -0.006268)
(-0.001131, 0.055144, -0.006668)
(-0.002695, 0.055144, -0.000834)
(-0.002118, 0.055565, 0.000000)
(-0.002918, 0.055144, 0.000000)
(0.017697, 0.055144, 0.010940)
(0.016686, 0.055565, 0.010857)
(0.017087, 0.055144, 0.011550)
(0.021358, 0.055144, 0.007278)
(0.021275, 0.055565, 0.006268)
(0.021969, 0.055144, 0.006668)
(0.021358, 0.055144, -0.007279)
(0.021275, 0.055565, -0.006268)
(0.021968, 0.055144, -0.006668)
(0.017697, 0.055144, -0.010940)
(0.016686, 0.055565, -0.010857)
(0.017087, 0.055144, -0.011550)
(-0.002695, 0.055144, 0.000834)
(-0.002118, 0.055565, 0.000000)
(-0.002918, 0.055144, 0.000000)
(-0.001355, 0.055144, 0.005835)
(-0.000439, 0.055565, 0.006268)
(-0.001131, 0.055144, 0.006668)
(0.022955, 0.056817, 0.000000)
(0.016701, 0.057801, 0.000000)
(0.015858, 0.057801, 0.003141)
(0.021275, 0.056817, 0.006268)
(0.022955, 0.055565, 0.000000)
(0.022955, 0.056817, 0.000000)
(0.021275, 0.056817, 0.006268)
(0.021275, 0.055565, 0.006268)
(0.023001, 0.043886, 0.000000)
(0.023001, 0.048281, 0.000000)
(0.021314, 0.048281, 0.006291)
(0.021314, 0.043886, 0.006291)
(0.021275, 0.056817, 0.006268)
(0.015858, 0.057801, 0.003141)
(0.013559, 0.057801, 0.005440)
(0.016686, 0.056817, 0.010857)
(0.021275, 0.055565, 0.006268)
(0.021275, 0.056817, 0.006268)
(0.016686, 0.056817, 0.010857)
(0.016686, 0.055565, 0.010857)
(0.021314, 0.043886, 0.006291)
(0.021314, 0.048281, 0.006291)
(0.016709, 0.048281, 0.010896)
(0.016709, 0.043886, 0.010896)
(0.016686, 0.056817, 0.010857)
(0.013559, 0.057801, 0.005440)
(0.010419, 0.057801, 0.006282)
(0.010419, 0.056817, 0.012536)
(0.016686, 0.055565, 0.010857)
(0.016686, 0.056817, 0.010857)
(0.010419, 0.056817, 0.012536)
(0.010419, 0.055565, 0.012536)
(0.011252, 0.055144, 0.013113)
(0.012344, 0.054722, 0.013856)
(0.015678, 0.054722, 0.012962)
(0.016253, 0.055144, 0.011773)
(0.016709, 0.043886, 0.010896)
(0.016709, 0.048281, 0.010896)
(0.010419, 0.048281, 0.012582)
(0.010419, 0.043886, 0.012582)
(0.010419, 0.056817, 0.012536)
(0.010419, 0.057801, 0.006282)
(0.007277, 0.057801, 0.005441)
(0.004150, 0.056817, 0.010857)
(0.010419, 0.055565, 0.012536)
(0.010419, 0.056817, 0.012536)
(0.004150, 0.056817, 0.010857)
(0.004150, 0.055565, 0.010857)
(0.004583, 0.055144, 0.011773)
(0.005158, 0.054722, 0.012962)
(0.008492, 0.054722, 0.013856)
(0.009585, 0.055144, 0.013113)
(0.010419, 0.043886, 0.012582)
(0.010419, 0.048281, 0.012582)
(0.004127, 0.048281, 0.010896)
(0.004127, 0.043886, 0.010896)
(0.004150, 0.056817, 0.010857)
(0.007277, 0.057801, 0.005441)
(0.004978, 0.057801, 0.003141)
(-0.000439, 0.056817, 0.006268)
(0.004150, 0.055565, 0.010857)
(0.004150, 0.056817, 0.010857)
(-0.000439, 0.056817, 0.006268)
(-0.000439, 0.055565, 0.006268)
(-0.000521, 0.055144, 0.007279)
(-0.000618, 0.054722, 0.008596)
(0.001822, 0.054722, 0.011037)
(0.003140, 0.055144, 0.010940)
(0.004127, 0.043886, 0.010896)
(0.004127, 0.048281, 0.010896)
(-0.000478, 0.048281, 0.006291)
(-0.000478, 0.043886, 0.006291)
(-0.000439, 0.056817, 0.006268)
(0.004978, 0.057801, 0.003141)
(0.004136, 0.057801, 0.000000)
(-0.002118, 0.056817, 0.000000)
(-0.000439, 0.055565, 0.006268)
(-0.000439, 0.056817, 0.006268)
(-0.002118, 0.056817, 0.000000)
(-0.002118, 0.055565, 0.000000)
(-0.000478, 0.043886, 0.006291)
(-0.000478, 0.048281, 0.006291)
(-0.002163, 0.048281, 0.000000)
(-0.002163, 0.043886, 0.000000)
(-0.002118, 0.056817, 0.000000)
(0.004136, 0.057801, 0.000000)
(0.004978, 0.057801, -0.003141)
(-0.000439, 0.056817, -0.006268)
(-0.002118, 0.055565, 0.000000)
(-0.002118, 0.056817, 0.000000)
(-0.000439, 0.056817, -0.006268)
(-0.000439, 0.055565, -0.006268)
(-0.002163, 0.043886, 0.000000)
(-0.002163, 0.048281, 0.000000)
(-0.000478, 0.048281, -0.006291)
(-0.000478, 0.043886, -0.006291)
(-0.000439, 0.056817, -0.006268)
(0.004978, 0.057801, -0.003141)
(0.007277, 0.057801, -0.005441)
(0.004150, 0.056817, -0.010857)
(-0.000439, 0.055565, -0.006268)
(-0.000439, 0.056817, -0.006268)
(0.004150, 0.056817, -0.010857)
(0.004150, 0.055565, -0.010857)
(0.003139, 0.055144, -0.010940)
(0.001822, 0.054722, -0.011037)
(-0.000618, 0.054722, -0.008596)
(-0.000522, 0.055144, -0.007279)
(-0.000478, 0.043886, -0.006291)
(-0.000478, 0.048281, -0.006291)
(0.004127, 0.048281, -0.010896)
(0.004127, 0.043886, -0.010896)
(0.004150, 0.056817, -0.010857)
(0.007277, 0.057801, -0.005441)
(0.010419, 0.057801, -0.006282)
(0.010418, 0.056817, -0.012537)
(0.004150, 0.055565, -0.010857)
(0.004150, 0.056817, -0.010857)
(0.010418, 0.056817, -0.012537)
(0.010418, 0.055565, -0.012537)
(0.004127, 0.043886, -0.010896)
(0.004127, 0.048281, -0.010896)
(0.010419, 0.048281, -0.012582)
(0.010419, 0.043886, -0.012582)
(0.010418, 0.056817, -0.012537)
(0.010419, 0.057801, -0.006282)
(0.013559, 0.057801, -0.005441)
(0.016686, 0.056817, -0.010857)
(0.010418, 0.055565, -0.012537)
(0.010418, 0.056817, -0.012537)
(0.016686, 0.056817, -0.010857)
(0.016686, 0.055565, -0.010857)
(0.010419, 0.043886, -0.012582)
(0.010419, 0.048281, -0.012582)
(0.016709, 0.048281, -0.010896)
(0.016709, 0.043886, -0.010896)
(0.016686, 0.055565, -0.010857)
(0.016686, 0.056817, -0.010857)
(0.021275, 0.056817, -0.006268)
(0.021275, 0.055565, -0.006268)
(0.016686, 0.056817, -0.010857)
(0.013559, 0.057801, -0.005441)
(0.015858, 0.057801, -0.003141)
(0.021275, 0.056817, -0.006268)
(0.016709, 0.043886, -0.010896)
(0.016709, 0.048281, -0.010896)
(0.021315, 0.048281, -0.006291)
(0.021315, 0.043886, -0.006291)
(0.021275, 0.056817, -0.006268)
(0.015858, 0.057801, -0.003141)
(0.016701, 0.057801, 0.000000)
(0.022955, 0.056817, 0.000000)
(0.021275, 0.055565, -0.006268)
(0.021275, 0.056817, -0.006268)
(0.022955, 0.056817, 0.000000)
(0.022955, 0.055565, 0.000000)
(0.022192, 0.055144, -0.005835)
(0.023381, 0.054722, -0.005260)
(0.023381, 0.049007, -0.005260)
(0.022192, 0.048584, -0.005835)
(0.021315, 0.043886, -0.006291)
(0.021315, 0.048281, -0.006291)
(0.023001, 0.048281, 0.000000)
(0.023001, 0.043886, 0.000000)
(0.024275, 0.049007, 0.001926)
(0.024275, 0.054722, 0.001926)
(0.023381, 0.054722, 0.005260)
(0.023381, 0.049007, 0.005260)
(0.022192, 0.048584, 0.005835)
(0.023381, 0.049007, 0.005260)
(0.023381, 0.054722, 0.005260)
(0.022192, 0.055144, 0.005835)
(0.023532, 0.055144, 0.000833)
(0.024275, 0.054722, 0.001926)
(0.024275, 0.049007, 0.001926)
(0.023532, 0.048584, 0.000833)
(0.022192, 0.055144, 0.005835)
(0.023381, 0.054722, 0.005260)
(0.024275, 0.054722, 0.001926)
(0.023532, 0.055144, 0.000833)
(0.021455, 0.049007, 0.008596)
(0.021455, 0.054722, 0.008596)
(0.019014, 0.054722, 0.011036)
(0.019014, 0.049007, 0.011036)
(0.017697, 0.048584, 0.010940)
(0.019014, 0.049007, 0.011036)
(0.019014, 0.054722, 0.011036)
(0.017697, 0.055144, 0.010940)
(0.021358, 0.055144, 0.007278)
(0.021455, 0.054722, 0.008596)
(0.021455, 0.049007, 0.008596)
(0.021358, 0.048584, 0.007278)
(0.017697, 0.055144, 0.010940)
(0.019014, 0.054722, 0.011036)
(0.021455, 0.054722, 0.008596)
(0.021358, 0.055144, 0.007278)
(0.015678, 0.049007, 0.012962)
(0.015678, 0.054722, 0.012962)
(0.012344, 0.054722, 0.013856)
(0.012344, 0.049007, 0.013856)
(0.011252, 0.048584, 0.013113)
(0.012344, 0.049007, 0.013856)
(0.012344, 0.054722, 0.013856)
(0.011252, 0.055144, 0.013113)
(0.016253, 0.055144, 0.011773)
(0.015678, 0.054722, 0.012962)
(0.015678, 0.049007, 0.012962)
(0.016253, 0.048584, 0.011773)
(0.008492, 0.049007, 0.013856)
(0.008492, 0.054722, 0.013856)
(0.005158, 0.054722, 0.012962)
(0.005158, 0.049007, 0.012962)
(0.004583, 0.048584, 0.011773)
(0.005158, 0.049007, 0.012962)
(0.005158, 0.054722, 0.012962)
(0.004583, 0.055144, 0.011773)
(0.009585, 0.055144, 0.013113)
(0.008492, 0.054722, 0.013856)
(0.008492, 0.049007, 0.013856)
(0.009585, 0.048584, 0.013113)
(0.001822, 0.049007, 0.011037)
(0.001822, 0.054722, 0.011037)
(-0.000618, 0.054722, 0.008596)
(-0.000618, 0.049007, 0.008596)
(-0.000521, 0.048584, 0.007279)
(-0.000618, 0.049007, 0.008596)
(-0.000618, 0.054722, 0.008596)
(-0.000521, 0.055144, 0.007279)
(0.003140, 0.055144, 0.010940)
(0.001822, 0.054722, 0.011037)
(0.001822, 0.049007, 0.011037)
(0.003140, 0.048584, 0.010940)
(-0.002545, 0.049007, 0.005260)
(-0.002545, 0.054722, 0.005260)
(-0.003437, 0.054722, 0.001926)
(-0.003437, 0.049007, 0.001926)
(-0.002695, 0.048584, 0.000834)
(-0.003437, 0.049007, 0.001926)
(-0.003437, 0.054722, 0.001926)
(-0.002695, 0.055144, 0.000834)
(-0.001355, 0.055144, 0.005835)
(-0.002545, 0.054722, 0.005260)
(-0.002545, 0.049007, 0.005260)
(-0.001354, 0.048584, 0.005835)
(-0.002695, 0.055144, 0.000834)
(-0.003437, 0.054722, 0.001926)
(-0.002545, 0.054722, 0.005260)
(-0.001355, 0.055144, 0.005835)
(-0.003437, 0.049007, -0.001926)
(-0.003437, 0.054722, -0.001926)
(-0.002545, 0.054722, -0.005260)
(-0.002545, 0.049007, -0.005260)
(-0.001355, 0.048584, -0.005835)
(-0.002545, 0.049007, -0.005260)
(-0.002545, 0.054722, -0.005260)
(-0.001355, 0.055144, -0.005835)
(-0.002695, 0.055144, -0.000834)
(-0.003437, 0.054722, -0.001926)
(-0.003437, 0.049007, -0.001926)
(-0.002695, 0.048584, -0.000834)
(-0.001355, 0.055144, -0.005835)
(-0.002545, 0.054722, -0.005260)
(-0.003437, 0.054722, -0.001926)
(-0.002695, 0.055144, -0.000834)
(-0.000618, 0.049007, -0.008596)
(-0.000618, 0.054722, -0.008596)
(0.001822, 0.054722, -0.011037)
(0.001822, 0.049007, -0.011037)
(-0.000522, 0.055144, -0.007279)
(-0.000618, 0.054722, -0.008596)
(-0.000618, 0.049007, -0.008596)
(-0.000522, 0.048584, -0.007279)
(0.003139, 0.048584, -0.010940)
(0.001822, 0.049007, -0.011037)
(0.001822, 0.054722, -0.011037)
(0.003139, 0.055144, -0.010940)
(0.005158, 0.049007, -0.012963)
(0.005158, 0.054722, -0.012963)
(0.008492, 0.054722, -0.013856)
(0.008492, 0.049007, -0.013856)
(0.009584, 0.048584, -0.013113)
(0.008492, 0.049007, -0.013856)
(0.008492, 0.054722, -0.013856)
(0.009584, 0.055144, -0.013113)
(0.009584, 0.055144, -0.013113)
(0.008492, 0.054722, -0.013856)
(0.005158, 0.054722, -0.012963)
(0.004583, 0.055144, -0.011773)
(0.004583, 0.055144, -0.011773)
(0.005158, 0.054722, -0.012963)
(0.005158, 0.049007, -0.012963)
(0.004583, 0.048584, -0.011773)
(0.012344, 0.049006, -0.013856)
(0.012344, 0.054722, -0.013856)
(0.015678, 0.054722, -0.012963)
(0.015678, 0.049007, -0.012963)
(0.016253, 0.048584, -0.011773)
(0.015678, 0.049007, -0.012963)
(0.015678, 0.054722, -0.012963)
(0.016253, 0.055144, -0.011773)
(0.011252, 0.055144, -0.013113)
(0.012344, 0.054722, -0.013856)
(0.012344, 0.049006, -0.013856)
(0.011252, 0.048584, -0.013113)
(0.016253, 0.055144, -0.011773)
(0.015678, 0.054722, -0.012963)
(0.012344, 0.054722, -0.013856)
(0.011252, 0.055144, -0.013113)
(0.019014, 0.049007, -0.011037)
(0.019014, 0.054722, -0.011037)
(0.021455, 0.054722, -0.008596)
(0.021455, 0.049007, -0.008596)
(0.021358, 0.048584, -0.007279)
(0.021455, 0.049007, -0.008596)
(0.021455, 0.054722, -0.008596)
(0.021358, 0.055144, -0.007279)
(0.017697, 0.055144, -0.010940)
(0.019014, 0.054722, -0.011037)
(0.019014, 0.049007, -0.011037)
(0.017697, 0.048584, -0.010940)
(0.021358, 0.055144, -0.007279)
(0.021455, 0.054722, -0.008596)
(0.019014, 0.054722, -0.011037)
(0.017697, 0.055144, -0.010940)
(0.023381, 0.049007, -0.005260)
(0.023381, 0.054722, -0.005260)
(0.024275, 0.054722, -0.001926)
(0.024275, 0.049007, -0.001926)
(0.023532, 0.055144, -0.000834)
(0.024275, 0.054722, -0.001926)
(0.023381, 0.054722, -0.005260)
(0.022192, 0.055144, -0.005835)
(0.023532, 0.048584, -0.000834)
(0.024275, 0.049007, -0.001926)
(0.024275, 0.054722, -0.001926)
(0.023532, 0.055144, -0.000834)
(0.021968, 0.048584, -0.006668)
(0.021968, 0.055144, -0.006668)
(0.022192, 0.055144, -0.005835)
(0.022192, 0.048584, -0.005835)
(0.023755, 0.048584, 0.000000)
(0.023755, 0.055144, 0.000000)
(0.023532, 0.055144, 0.000833)
(0.023532, 0.048584, 0.000833)
(0.021969, 0.048584, 0.006668)
(0.021969, 0.055144, 0.006668)
(0.021358, 0.055144, 0.007278)
(0.021358, 0.048584, 0.007278)
(0.017087, 0.048584, 0.011550)
(0.017087, 0.055144, 0.011550)
(0.016253, 0.055144, 0.011773)
(0.016253, 0.048584, 0.011773)
(0.010419, 0.048584, 0.013337)
(0.010419, 0.055144, 0.013337)
(0.009585, 0.055144, 0.013113)
(0.009585, 0.048584, 0.013113)
(0.003750, 0.048584, 0.011550)
(0.003750, 0.055144, 0.011550)
(0.003140, 0.055144, 0.010940)
(0.003140, 0.048584, 0.010940)
(-0.001131, 0.048584, 0.006668)
(-0.001131, 0.055144, 0.006668)
(-0.001355, 0.055144, 0.005835)
(-0.001354, 0.048584, 0.005835)
(-0.002918, 0.048584, 0.000000)
(-0.002918, 0.055144, 0.000000)
(-0.002695, 0.055144, -0.000834)
(-0.002695, 0.048584, -0.000834)
(-0.001131, 0.048584, -0.006668)
(-0.001131, 0.055144, -0.006668)
(-0.000522, 0.055144, -0.007279)
(-0.000522, 0.048584, -0.007279)
(0.003750, 0.048584, -0.011550)
(0.003750, 0.055144, -0.011550)
(0.004583, 0.055144, -0.011773)
(0.004583, 0.048584, -0.011773)
(0.010419, 0.048584, -0.013337)
(0.010418, 0.055144, -0.013337)
(0.011252, 0.055144, -0.013113)
(0.011252, 0.048584, -0.013113)
(0.017087, 0.048584, -0.011550)
(0.017087, 0.055144, -0.011550)
(0.017697, 0.055144, -0.010940)
(0.017697, 0.048584, -0.010940)
(0.012774, 0.058065, 0.005651)
(0.006702, 0.058066, -0.004866)
(0.006702, 0.058721, -0.004866)
(0.012774, 0.058721, 0.005651)
(0.015858, 0.057801, 0.003141)
(0.015858, 0.058721, 0.003141)
(0.014134, 0.058721, 0.004866)
(0.014134, 0.058065, 0.004866)
(0.013559, 0.057801, 0.005440)
(0.013559, 0.058065, 0.005440)
(0.004978, 0.057801, 0.003141)
(0.004978, 0.058721, 0.003141)
(0.004136, 0.058721, 0.000000)
(0.004136, 0.057801, 0.000000)
(0.006702, 0.058066, -0.004866)
(0.012774, 0.058065, 0.005651)
(0.013559, 0.058065, 0.005440)
(0.007277, 0.058066, -0.005441)
(0.008062, 0.058066, -0.005651)
(0.014134, 0.058065, 0.004866)
(0.007277, 0.057801, 0.005441)
(0.007277, 0.058721, 0.005441)
(0.004978, 0.058721, 0.003141)
(0.004978, 0.057801, 0.003141)
(0.015858, 0.057801, -0.003141)
(0.015858, 0.058721, -0.003141)
(0.016701, 0.058721, 0.000000)
(0.016701, 0.057801, 0.000000)
(0.010419, 0.057801, 0.006282)
(0.010419, 0.058721, 0.006282)
(0.007277, 0.058721, 0.005441)
(0.007277, 0.057801, 0.005441)
(0.016701, 0.057801, 0.000000)
(0.016701, 0.058721, 0.000000)
(0.015858, 0.058721, 0.003141)
(0.015858, 0.057801, 0.003141)
(0.004978, 0.057801, -0.003141)
(0.004978, 0.058721, -0.003141)
(0.006702, 0.058721, -0.004866)
(0.006702, 0.058066, -0.004866)
(0.007277, 0.057801, -0.005441)
(0.007277, 0.058066, -0.005441)
(0.014134, 0.058721, 0.004866)
(0.008062, 0.058721, -0.005651)
(0.008062, 0.058066, -0.005651)
(0.014134, 0.058065, 0.004866)
(0.013559, 0.057801, -0.005441)
(0.013559, 0.058721, -0.005441)
(0.015858, 0.058721, -0.003141)
(0.015858, 0.057801, -0.003141)
(0.012774, 0.058065, 0.005651)
(0.012774, 0.058721, 0.005651)
(0.010419, 0.058721, 0.006282)
(0.010419, 0.057801, 0.006282)
(0.013559, 0.057801, 0.005440)
(0.013559, 0.058065, 0.005440)
(0.004136, 0.057801, 0.000000)
(0.004136, 0.058721, 0.000000)
(0.004978, 0.058721, -0.003141)
(0.004978, 0.057801, -0.003141)
(0.008062, 0.058066, -0.005651)
(0.008062, 0.058721, -0.005651)
(0.010419, 0.058721, -0.006282)
(0.010419, 0.057801, -0.006282)
(0.007277, 0.057801, -0.005441)
(0.007277, 0.058066, -0.005441)
(0.010419, 0.057801, -0.006282)
(0.010419, 0.058721, -0.006282)
(0.013559, 0.058721, -0.005441)
(0.013559, 0.057801, -0.005441)
(0.010419, 0.058721, 0.006282)
(0.012774, 0.058721, 0.005651)
(0.006702, 0.058721, -0.004866)
(0.007277, 0.058721, 0.005441)
(0.004978, 0.058721, 0.003141)
(0.004978, 0.058721, -0.003141)
(0.004136, 0.058721, 0.000000)
(0.015858, 0.058721, 0.003141)
(0.016701, 0.058721, 0.000000)
(0.015858, 0.058721, -0.003141)
(0.014134, 0.058721, 0.004866)
(0.013559, 0.058721, -0.005441)
(0.008062, 0.058721, -0.005651)
(0.010419, 0.058721, -0.006282)
(0.045854, 0.004826, 0.000000)
(0.043809, 0.008213, 0.000000)
(0.043809, 0.010129, 0.007152)
(0.045854, 0.007196, 0.008846)
(0.045854, 0.013672, 0.015322)
(0.043809, 0.015365, 0.012388)
(0.043809, 0.022518, 0.014305)
(0.045854, 0.022518, 0.017692)
(0.045854, 0.037840, 0.008846)
(0.043809, 0.034907, 0.007152)
(0.043809, 0.036823, 0.000000)
(0.045854, 0.040210, 0.000000)
(0.045854, 0.007196, 0.008846)
(0.043809, 0.010129, 0.007152)
(0.043809, 0.015365, 0.012388)
(0.045854, 0.013672, 0.015322)
(0.045854, 0.005561, 0.009790)
(-0.045855, 0.005561, 0.009790)
(-0.045855, 0.002938, 0.000000)
(0.045854, 0.002938, 0.000000)
(0.045854, 0.012728, 0.016956)
(-0.045855, 0.012728, 0.016957)
(-0.045855, 0.005561, 0.009790)
(0.045854, 0.005561, 0.009790)
(0.025657, 0.029273, 0.020416)
(-0.025657, 0.029273, 0.020416)
(-0.027251, 0.022518, 0.020416)
(0.027252, 0.022518, 0.020416)
(-0.025657, 0.015763, 0.020416)
(0.025656, 0.015763, 0.020416)
(0.045854, 0.022518, 0.017692)
(0.043809, 0.022518, 0.014305)
(0.043809, 0.029671, 0.012388)
(0.045854, 0.031364, 0.015322)
(0.045854, 0.022518, 0.019580)
(0.028458, 0.022518, 0.019580)
(0.028458, 0.015175, 0.017612)
(0.045854, 0.012728, 0.016956)
(-0.045855, 0.012728, 0.016957)
(-0.028459, 0.015175, 0.017613)
(-0.045855, 0.022518, 0.019580)
(-0.028459, 0.022518, 0.019580)
(0.045854, 0.032308, 0.016956)
(0.028458, 0.022518, 0.019580)
(0.045854, 0.022518, 0.019580)
(0.028458, 0.029860, 0.017612)
(-0.028459, 0.029860, 0.017613)
(-0.045855, 0.032308, 0.016957)
(-0.028459, 0.022518, 0.019580)
(-0.045855, 0.022518, 0.019580)
(0.045854, 0.042098, 0.000000)
(0.028458, 0.042098, 0.000000)
(0.029422, 0.039475, 0.009790)
(0.045854, 0.039475, 0.009790)
(-0.028459, 0.029860, 0.017613)
(-0.028459, 0.022518, 0.019580)
(-0.027251, 0.022518, 0.020416)
(-0.025657, 0.029273, 0.020416)
(-0.026135, 0.029860, 0.019829)
(-0.028459, 0.022518, 0.019580)
(-0.028459, 0.015175, 0.017613)
(-0.026134, 0.015175, 0.019829)
(-0.025657, 0.015763, 0.020416)
(-0.027251, 0.022518, 0.020416)
(0.025657, 0.029273, 0.020416)
(0.027252, 0.022518, 0.020416)
(0.028458, 0.022518, 0.019580)
(0.028458, 0.029860, 0.017612)
(0.026134, 0.029860, 0.019829)
(0.025656, 0.015763, 0.020416)
(0.026134, 0.015175, 0.019829)
(0.028458, 0.015175, 0.017612)
(0.028458, 0.022518, 0.019580)
(0.027252, 0.022518, 0.020416)
(0.045854, 0.031364, 0.015322)
(0.043809, 0.029671, 0.012388)
(0.043809, 0.034907, 0.007152)
(0.045854, 0.037840, 0.008846)
(0.045854, 0.039475, 0.009790)
(0.029422, 0.039475, 0.009790)
(0.030743, 0.035891, 0.013373)
(0.045854, 0.032308, 0.016956)
(-0.045855, 0.032308, 0.016957)
(-0.030742, 0.035891, 0.013374)
(-0.045855, 0.039474, 0.009790)
(-0.029422, 0.039474, 0.009790)
(-0.008934, 0.044581, -0.013373)
(-0.028968, 0.040712, -0.013373)
(-0.027832, 0.043795, -0.011391)
(-0.026564, 0.044581, -0.011016)
(0.027881, 0.043663, 0.013373)
(0.026564, 0.044582, 0.013373)
(-0.008934, 0.044582, 0.013373)
(0.030743, 0.035891, 0.013373)
(-0.030742, 0.035891, 0.013374)
(-0.028967, 0.040712, 0.013374)
(-0.045855, 0.004825, 0.000000)
(-0.045855, 0.007196, 0.008847)
(-0.043808, 0.010129, 0.007153)
(-0.043809, 0.008212, 0.000000)
(-0.045855, 0.013671, 0.015322)
(-0.045855, 0.022518, 0.017693)
(-0.043809, 0.022518, 0.014306)
(-0.043808, 0.015365, 0.012389)
(-0.045855, 0.037840, 0.008847)
(-0.045855, 0.040210, 0.000000)
(-0.043809, 0.036823, 0.000000)
(-0.043809, 0.034906, 0.007153)
(-0.045855, 0.007196, 0.008847)
(-0.045855, 0.013671, 0.015322)
(-0.043808, 0.015365, 0.012389)
(-0.043808, 0.010129, 0.007153)
(-0.043809, 0.008212, 0.000000)
(-0.043808, 0.010129, 0.007153)
(0.043809, 0.010129, 0.007152)
(0.043809, 0.008213, 0.000000)
(-0.043808, 0.015365, 0.012389)
(-0.043809, 0.022518, 0.014306)
(0.043809, 0.022518, 0.014305)
(0.043809, 0.015365, 0.012388)
(-0.043809, 0.034906, 0.007153)
(-0.043809, 0.036823, 0.000000)
(0.043809, 0.036823, 0.000000)
(0.043809, 0.034907, 0.007152)
(-0.043808, 0.010129, 0.007153)
(-0.043808, 0.015365, 0.012389)
(0.043809, 0.015365, 0.012388)
(0.043809, 0.010129, 0.007152)
(-0.043809, 0.022518, 0.014306)
(-0.043809, 0.029670, 0.012389)
(0.043809, 0.029671, 0.012388)
(0.043809, 0.022518, 0.014305)
(-0.045855, 0.022518, 0.017693)
(-0.045855, 0.031364, 0.015322)
(-0.043809, 0.029670, 0.012389)
(-0.043809, 0.022518, 0.014306)
(-0.045855, 0.042098, 0.000000)
(-0.045855, 0.039474, 0.009790)
(-0.029422, 0.039474, 0.009790)
(-0.028459, 0.042098, 0.000000)
(-0.043809, 0.029670, 0.012389)
(-0.043809, 0.034906, 0.007153)
(0.043809, 0.034907, 0.007152)
(0.043809, 0.029671, 0.012388)
(-0.045855, 0.031364, 0.015322)
(-0.045855, 0.037840, 0.008847)
(-0.043809, 0.034906, 0.007153)
(-0.043809, 0.029670, 0.012389)
(-0.029422, 0.039474, 0.009790)
(-0.030742, 0.035891, 0.013374)
(-0.028967, 0.040712, 0.013374)
(-0.027832, 0.043795, 0.011392)
(-0.028459, 0.042098, 0.000000)
(-0.027832, 0.043795, -0.011391)
(-0.029422, 0.039474, -0.009790)
(-0.028968, 0.040712, -0.013373)
(-0.030743, 0.035891, -0.013373)
(0.045854, 0.004826, 0.000000)
(0.045854, 0.007196, -0.008847)
(0.043809, 0.010129, -0.007153)
(0.043809, 0.008213, 0.000000)
(0.045854, 0.013672, -0.015322)
(0.045854, 0.022518, -0.017693)
(0.043809, 0.022518, -0.014306)
(0.043809, 0.015365, -0.012389)
(0.045854, 0.037840, -0.008847)
(0.045854, 0.040210, 0.000000)
(0.043809, 0.036823, 0.000000)
(0.043809, 0.034907, -0.007153)
(0.045854, 0.007196, -0.008847)
(0.045854, 0.013672, -0.015322)
(0.043809, 0.015365, -0.012389)
(0.043809, 0.010129, -0.007153)
(0.045854, 0.005561, -0.009790)
(0.045854, 0.002938, 0.000000)
(-0.045855, 0.002938, 0.000000)
(-0.045855, 0.005561, -0.009790)
(0.045854, 0.012728, -0.016957)
(0.045854, 0.005561, -0.009790)
(-0.045855, 0.005561, -0.009790)
(-0.045855, 0.012728, -0.016956)
(0.025657, 0.029273, -0.020416)
(-0.027252, 0.022518, -0.020416)
(-0.025657, 0.029273, -0.020416)
(0.027252, 0.022518, -0.020416)
(-0.025657, 0.015762, -0.020416)
(0.025656, 0.015763, -0.020416)
(0.045854, 0.022518, -0.017693)
(0.045854, 0.031364, -0.015322)
(0.043809, 0.029671, -0.012389)
(0.043809, 0.022518, -0.014306)
(0.045854, 0.022518, -0.019580)
(0.028458, 0.015175, -0.017613)
(0.028458, 0.022518, -0.019580)
(0.045854, 0.012728, -0.016957)
(-0.045855, 0.012728, -0.016956)
(-0.028459, 0.015175, -0.017612)
(-0.045855, 0.022518, -0.019580)
(-0.028459, 0.022518, -0.019580)
(0.045854, 0.032308, -0.016957)
(0.045854, 0.022518, -0.019580)
(0.028458, 0.022518, -0.019580)
(0.028458, 0.029860, -0.017613)
(-0.028459, 0.029860, -0.017612)
(-0.045855, 0.032308, -0.016956)
(-0.028459, 0.022518, -0.019580)
(-0.045855, 0.022518, -0.019580)
(0.045854, 0.042098, 0.000000)
(0.045854, 0.039475, -0.009790)
(0.029422, 0.039475, -0.009790)
(0.028458, 0.042098, 0.000000)
(-0.027252, 0.022518, -0.020416)
(-0.028459, 0.022518, -0.019580)
(-0.028459, 0.029860, -0.017612)
(-0.025657, 0.029273, -0.020416)
(-0.026135, 0.029860, -0.019829)
(0.028458, 0.015175, -0.017613)
(-0.028459, 0.015175, -0.017612)
(-0.026135, 0.015175, -0.019829)
(0.026134, 0.015175, -0.019829)
(0.028458, 0.022518, -0.019580)
(0.027252, 0.022518, -0.020416)
(0.025657, 0.029273, -0.020416)
(0.028458, 0.029860, -0.017613)
(0.026134, 0.029860, -0.019829)
(-0.026135, 0.015175, -0.019829)
(-0.028459, 0.015175, -0.017612)
(-0.028459, 0.022518, -0.019580)
(-0.025657, 0.015762, -0.020416)
(-0.027252, 0.022518, -0.020416)
(0.045854, 0.031364, -0.015322)
(0.045854, 0.037840, -0.008847)
(0.043809, 0.034907, -0.007153)
(0.043809, 0.029671, -0.012389)
(0.045854, 0.039475, -0.009790)
(0.030742, 0.035891, -0.013374)
(0.029422, 0.039475, -0.009790)
(0.045854, 0.032308, -0.016957)
(-0.045855, 0.032308, -0.016956)
(-0.030743, 0.035891, -0.013373)
(-0.045855, 0.039474, -0.009790)
(-0.029422, 0.039474, -0.009790)
(0.026564, 0.044582, 0.013373)
(-0.026564, 0.044582, 0.011017)
(-0.008934, 0.044582, 0.013373)
(-0.008934, 0.044581, -0.013373)
(0.026564, 0.044582, -0.013374)
(-0.026564, 0.044581, -0.011016)
(-0.008934, 0.044581, -0.013373)
(0.026564, 0.044582, -0.013374)
(0.027881, 0.043663, -0.013374)
(0.030742, 0.035891, -0.013374)
(-0.030743, 0.035891, -0.013373)
(-0.028968, 0.040712, -0.013373)
(-0.045855, 0.004825, 0.000000)
(-0.043809, 0.008212, 0.000000)
(-0.043809, 0.010129, -0.007152)
(-0.045855, 0.007196, -0.008846)
(-0.045855, 0.013671, -0.015322)
(-0.043809, 0.015365, -0.012388)
(-0.043809, 0.022518, -0.014305)
(-0.045855, 0.022518, -0.017692)
(-0.045855, 0.037840, -0.008846)
(-0.043809, 0.034906, -0.007152)
(-0.043809, 0.036823, 0.000000)
(-0.045855, 0.040210, 0.000000)
(-0.045855, 0.007196, -0.008846)
(-0.043809, 0.010129, -0.007152)
(-0.043809, 0.015365, -0.012388)
(-0.045855, 0.013671, -0.015322)
(-0.043809, 0.008212, 0.000000)
(0.043809, 0.008213, 0.000000)
(0.043809, 0.010129, -0.007153)
(-0.043809, 0.010129, -0.007152)
(-0.043809, 0.015365, -0.012388)
(0.043809, 0.015365, -0.012389)
(0.043809, 0.022518, -0.014306)
(-0.043809, 0.022518, -0.014305)
(-0.043809, 0.034906, -0.007152)
(0.043809, 0.034907, -0.007153)
(0.043809, 0.036823, 0.000000)
(-0.043809, 0.036823, 0.000000)
(-0.043809, 0.010129, -0.007152)
(0.043809, 0.010129, -0.007153)
(0.043809, 0.015365, -0.012389)
(-0.043809, 0.015365, -0.012388)
(-0.043809, 0.022518, -0.014305)
(0.043809, 0.022518, -0.014306)
(0.043809, 0.029671, -0.012389)
(-0.043809, 0.029670, -0.012388)
(-0.045855, 0.022518, -0.017692)
(-0.043809, 0.022518, -0.014305)
(-0.043809, 0.029670, -0.012388)
(-0.045855, 0.031364, -0.015322)
(-0.045855, 0.042098, 0.000000)
(-0.028459, 0.042098, 0.000000)
(-0.029422, 0.039474, -0.009790)
(-0.045855, 0.039474, -0.009790)
(-0.043809, 0.029670, -0.012388)
(0.043809, 0.029671, -0.012389)
(0.043809, 0.034907, -0.007153)
(-0.043809, 0.034906, -0.007152)
(-0.045855, 0.031364, -0.015322)
(-0.043809, 0.029670, -0.012388)
(-0.043809, 0.034906, -0.007152)
(-0.045855, 0.037840, -0.008846)
(0.029422, 0.039475, -0.009790)
(0.030742, 0.035891, -0.013374)
(0.027881, 0.043663, -0.013374)
(0.028458, 0.042098, 0.000000)
(0.027881, 0.043663, 0.013373)
(0.029422, 0.039475, 0.009790)
(0.030743, 0.035891, 0.013373)
(0.025657, 0.029273, 0.020416)
(0.026134, 0.029860, 0.019829)
(-0.026135, 0.029860, 0.019829)
(-0.025657, 0.029273, 0.020416)
(-0.028459, 0.029860, 0.017613)
(-0.026135, 0.029860, 0.019829)
(0.026134, 0.029860, 0.019829)
(0.028458, 0.029860, 0.017612)
(0.026134, 0.015175, 0.019829)
(0.025656, 0.015763, 0.020416)
(-0.025657, 0.015763, 0.020416)
(-0.026134, 0.015175, 0.019829)
(0.028458, 0.015175, 0.017612)
(0.026134, 0.015175, 0.019829)
(-0.026134, 0.015175, 0.019829)
(-0.028459, 0.015175, 0.017613)
(0.026134, 0.029860, -0.019829)
(0.025657, 0.029273, -0.020416)
(-0.025657, 0.029273, -0.020416)
(-0.026135, 0.029860, -0.019829)
(-0.028459, 0.029860, -0.017612)
(0.028458, 0.029860, -0.017613)
(0.026134, 0.029860, -0.019829)
(-0.026135, 0.029860, -0.019829)
(0.025656, 0.015763, -0.020416)
(0.026134, 0.015175, -0.019829)
(-0.026135, 0.015175, -0.019829)
(-0.025657, 0.015762, -0.020416)
(0.028458, 0.015175, -0.017613)
(0.026134, 0.015175, -0.019829)
(0.025656, 0.015763, -0.020416)
(0.028458, 0.022518, -0.019580)
(0.027252, 0.022518, -0.020416)
(0.027881, 0.043663, -0.013374)
(0.026564, 0.044582, -0.013374)
(0.026564, 0.044582, 0.013373)
(0.027881, 0.043663, 0.013373)
(-0.026564, 0.044581, -0.011016)
(-0.027832, 0.043795, -0.011391)
(-0.027832, 0.043795, 0.011392)
(-0.026564, 0.044582, 0.011017)
(-0.008934, 0.044582, 0.013373)
(-0.026564, 0.044582, 0.011017)
(-0.027832, 0.043795, 0.011392)
(-0.028967, 0.040712, 0.013374)
(-0.045855, 0.002938, 0.000000)
(-0.045855, 0.007196, 0.008847)
(-0.045855, 0.004825, 0.000000)
(-0.045855, 0.007196, -0.008846)
(-0.045855, 0.005561, 0.009790)
(-0.045855, 0.005561, -0.009790)
(-0.045855, 0.013671, 0.015322)
(-0.045855, 0.013671, -0.015322)
(-0.045855, 0.012728, 0.016957)
(-0.045855, 0.012728, -0.016956)
(-0.045855, 0.022518, 0.017693)
(-0.045855, 0.022518, -0.017692)
(-0.045855, 0.022518, 0.019580)
(-0.045855, 0.022518, -0.019580)
(-0.045855, 0.031364, 0.015322)
(-0.045855, 0.031364, -0.015322)
(-0.045855, 0.032308, 0.016957)
(-0.045855, 0.032308, -0.016956)
(-0.045855, 0.037840, 0.008847)
(-0.045855, 0.037840, -0.008846)
(-0.045855, 0.039474, 0.009790)
(-0.045855, 0.039474, -0.009790)
(-0.045855, 0.040210, 0.000000)
(-0.045855, 0.042098, 0.000000)
(0.045854, 0.002938, 0.000000)
(0.045854, 0.004826, 0.000000)
(0.045854, 0.007196, 0.008846)
(0.045854, 0.007196, -0.008847)
(0.045854, 0.005561, 0.009790)
(0.045854, 0.005561, -0.009790)
(0.045854, 0.013672, 0.015322)
(0.045854, 0.013672, -0.015322)
(0.045854, 0.012728, 0.016956)
(0.045854, 0.012728, -0.016957)
(0.045854, 0.022518, 0.017692)
(0.045854, 0.022518, -0.017693)
(0.045854, 0.022518, 0.019580)
(0.045854, 0.022518, -0.019580)
(0.045854, 0.031364, 0.015322)
(0.045854, 0.031364, -0.015322)
(0.045854, 0.032308, 0.016956)
(0.045854, 0.032308, -0.016957)
(0.045854, 0.037840, 0.008846)
(0.045854, 0.037840, -0.008847)
(0.045854, 0.039475, 0.009790)
(0.045854, 0.039475, -0.009790)
(0.045854, 0.040210, 0.000000)
(0.045854, 0.042098, 0.000000)
(-0.030949, 0.002676, -0.013159)
(0.029900, 0.002676, -0.008870)
(0.030948, 0.002676, -0.013159)
(0.030948, 0.002676, 0.013159)
(-0.029901, 0.002676, -0.008869)
(0.029900, 0.002676, 0.008869)
(-0.029901, 0.002676, 0.008870)
(-0.030948, 0.002676, 0.013159)
(0.014945, -0.002794, 0.015212)
(0.020236, -0.002231, 0.015212)
(0.017452, -0.006061, 0.015212)
(0.019692, -0.001522, 0.015212)
(0.020473, -0.002368, 0.015212)
(0.015572, 0.001968, 0.015212)
(0.018548, -0.006694, 0.015212)
(0.019828, -0.000489, 0.015212)
(0.021359, -0.002485, 0.015212)
(0.019382, 0.004892, 0.015212)
(0.022631, -0.007231, 0.015212)
(0.020655, 0.000145, 0.015212)
(0.022186, -0.001850, 0.015212)
(0.023466, 0.004354, 0.015212)
(0.026441, -0.004307, 0.015212)
(0.021540, 0.000029, 0.015212)
(0.022322, -0.000817, 0.015212)
(0.024562, 0.003722, 0.015212)
(0.027069, 0.000455, 0.015212)
(0.021778, -0.000109, 0.015212)
(-0.028164, -0.004820, 0.015213)
(-0.023408, -0.002434, 0.015213)
(-0.024669, -0.006998, 0.015213)
(-0.024166, -0.001962, 0.015213)
(-0.023137, -0.002479, 0.015213)
(-0.029249, -0.000141, 0.015213)
(-0.023421, -0.007206, 0.015213)
(-0.024402, -0.000947, 0.015213)
(-0.022268, -0.002277, 0.015213)
(-0.026709, 0.003935, 0.015213)
(-0.019409, -0.006275, 0.015213)
(-0.023851, -0.000063, 0.015213)
(-0.021716, -0.001393, 0.015213)
(-0.022697, 0.004866, 0.015213)
(-0.016868, -0.002199, 0.015213)
(-0.022980, 0.000139, 0.015213)
(-0.021951, -0.000378, 0.015213)
(-0.021448, 0.004659, 0.015213)
(-0.017954, 0.002480, 0.015213)
(-0.022709, 0.000094, 0.015213)
